user_id,bm25
1,"[1082185, 986947, 878996, 1127831, 854852]"
2,"[1082185, 981760, 995785, 866211, 840361]"
3,"[1085604, 5568378, 883404, 1098066, 826249]"
6,"[1082185, 995785, 1037863, 854852, 981760]"
7,"[1082185, 6534178, 1029743, 826249, 995242]"
8,"[1082185, 981760, 995242, 1098066, 840361]"
9,"[1082185, 981760, 1098066, 826249, 883404]"
10,"[883404, 1044078, 1106523, 1132770, 1133018]"
13,"[1029743, 826249, 5568378, 1082185, 1098066]"
14,"[1133018, 1106523, 981760, 1044078, 1068719]"
15,"[1082185, 981760, 995785, 878996, 854852]"
16,"[972143, 958067, 6979089, 963727, 857130]"
18,"[1082185, 1127831, 961554, 1058997, 854852]"
19,"[981760, 1082185, 1106523, 1133018, 1068719]"
20,"[1082185, 961554, 6534178, 1127831, 916122]"
21,"[883404, 1118533, 1096036, 1038217, 882441]"
22,"[1082185, 1127831, 854852, 961554, 878996]"
23,"[1082185, 951590, 1029743, 866211, 916122]"
24,"[883404, 1096036, 1044078, 1092026, 999971]"
25,"[826249, 1098066, 1029743, 5568378, 883404]"
26,"[1133018, 1106523, 1044078, 1043590, 981760]"
27,"[883404, 1096036, 1118533, 1038217, 994928]"
28,"[5569471, 1029743, 1093966, 6534178, 9881593]"
29,"[883404, 1096036, 1044078, 1092026, 1085604]"
30,"[1106523, 981760, 1133018, 972143, 969866]"
31,"[1082185, 1127831, 854852, 878996, 961554]"
32,"[1058997, 862349, 1126899, 916993, 5569471]"
33,"[1133018, 1044078, 1106523, 1043590, 883404]"
34,"[1101173, 951590, 843304, 1095040, 1071554]"
35,"[1082185, 1098066, 981760, 826249, 1029743]"
36,"[6534178, 1029743, 5569471, 826249, 1082185]"
37,"[826249, 1029743, 1098066, 859075, 908531]"
39,"[1082185, 916122, 1029743, 892531, 961554]"
40,"[1082185, 995785, 854852, 962568, 981760]"
41,"[1082185, 1058997, 961554, 862349, 962568]"
42,"[1082185, 962568, 1037863, 845208, 995785]"
43,"[1101173, 5568378, 907631, 951590, 830887]"
46,"[1082185, 916122, 866211, 1029743, 961554]"
47,"[885290, 925862, 1082185, 936914, 870780]"
49,"[6534178, 908531, 893501, 5569471, 1082185]"
50,"[951590, 1106523, 5568378, 1101173, 1098066]"
51,"[1082185, 981760, 995242, 1098066, 840361]"
52,"[1082185, 1127831, 981760, 878996, 995785]"
53,"[1082185, 961554, 1127831, 1058997, 862349]"
55,"[5585727, 5585639, 5584027, 5590287, 5584620]"
56,"[1082185, 995785, 981760, 854852, 962568]"
57,"[1037863, 1082185, 981760, 969866, 995785]"
58,"[1126899, 961554, 1127831, 1058997, 1082185]"
59,"[1082185, 981760, 962568, 995785, 854852]"
62,"[1082185, 981760, 995785, 1037863, 845208]"
63,"[1037863, 1082185, 995785, 1022254, 969866]"
64,"[1106523, 1133018, 969866, 972143, 981760]"
65,"[1082185, 1029743, 916122, 961554, 6534178]"
67,"[1082185, 916122, 1029743, 961554, 866211]"
68,"[1098066, 826249, 981760, 1082185, 883404]"
69,"[1106523, 1133018, 1044078, 951590, 1068719]"
70,"[1082185, 981760, 995785, 840361, 995242]"
71,"[883404, 1098066, 826249, 1044078, 1106523]"
72,"[1082185, 981760, 1127831, 995785, 961554]"
75,"[926065, 1064892, 995852, 1112333, 921288]"
77,"[1082185, 6534178, 995242, 826249, 981760]"
78,"[883404, 1044078, 1096036, 1092026, 1098066]"
79,"[1082185, 961554, 981760, 1127831, 6534178]"
80,"[1082185, 981760, 994928, 923746, 1133018]"
81,"[1106523, 1133018, 1044078, 951590, 1053763]"
82,"[1037863, 969866, 912681, 1127758, 1043006]"
83,"[1037863, 1082185, 995785, 1022254, 845208]"
84,"[1085604, 908531, 1092026, 883404, 1097001]"
85,"[1082185, 981760, 995785, 994928, 923746]"
86,"[1082185, 981760, 840361, 995242, 866211]"
87,"[1119051, 1137688, 1041259, 987838, 7024990]"
88,"[826249, 1029743, 1098066, 859075, 5568378]"
90,"[5569471, 1126899, 892531, 961554, 1048068]"
91,"[1082185, 1127831, 961554, 854852, 878996]"
92,"[1037863, 1082185, 995785, 845208, 962568]"
94,"[1082185, 854852, 995785, 962568, 860776]"
95,"[1082185, 981760, 995242, 840361, 995785]"
97,"[1082185, 981760, 995242, 840361, 1098066]"
98,"[1106523, 1133018, 1044078, 883404, 981760]"
99,"[1082185, 1071939, 6534178, 981760, 995242]"
100,"[1098066, 1029743, 5568378, 826249, 951590]"
101,"[883404, 1098066, 826249, 1044078, 1106523]"
103,"[883404, 1092026, 1085604, 826249, 1098066]"
104,"[1029743, 5568378, 1101173, 951590, 902172]"
105,"[883404, 981760, 1082185, 1098066, 826249]"
106,"[1082185, 854852, 878996, 995785, 1041259]"
107,"[5568378, 1098066, 1101173, 1053763, 883404]"
109,"[1082185, 961554, 1127831, 1058997, 1126899]"
110,"[994928, 1133018, 981760, 923746, 1037863]"
111,"[1082185, 961554, 1127831, 981760, 916122]"
112,"[1082185, 961554, 6534178, 5569471, 916122]"
113,"[1082185, 961554, 1127831, 916122, 866211]"
114,"[1029743, 5568378, 826249, 1110244, 5569327]"
115,"[1029743, 1082185, 916122, 5568378, 892531]"
116,"[994928, 839849, 5587837, 1031492, 1023958]"
117,"[1082185, 981760, 995785, 1037863, 854852]"
118,"[1082185, 962568, 981760, 994928, 5585735]"
119,"[1082185, 1127831, 866211, 878996, 986947]"
121,"[1106523, 1133018, 1044078, 883404, 1053763]"
122,"[883404, 908531, 1071939, 1096036, 896369]"
123,"[1082185, 981760, 995785, 923746, 845208]"
124,"[826249, 1098066, 883404, 1029743, 5568378]"
125,"[1082185, 6534178, 995242, 826249, 981760]"
126,"[1133018, 1106523, 1044078, 883404, 1043590]"
127,"[1082185, 981760, 995242, 1098066, 826249]"
128,"[1037863, 969866, 912681, 972143, 1127758]"
131,"[1082185, 994928, 981760, 923746, 849843]"
132,"[1082185, 995785, 981760, 962568, 845208]"
133,"[1082185, 1127831, 878996, 986947, 854852]"
134,"[1082185, 981760, 1098066, 826249, 995242]"
135,"[1082185, 854852, 1127831, 962568, 995785]"
136,"[883404, 1098066, 826249, 1044078, 1029743]"
138,"[1082185, 981760, 6534178, 840361, 995242]"
139,"[1082185, 962568, 5585635, 5585727, 5585735]"
140,"[1085604, 883404, 1092026, 5568378, 8090521]"
141,"[1037863, 1022254, 1026118, 987838, 1051516]"
142,"[1110244, 885697, 5568378, 5569327, 9881593]"
143,"[1098066, 883404, 826249, 981760, 1082185]"
146,"[1133018, 1106523, 1044078, 1043590, 5592931]"
151,"[1082185, 995785, 878996, 1127831, 854852]"
153,"[5585735, 5587837, 5585635, 5588942, 5585727]"
156,"[826249, 1029743, 1098066, 908531, 859075]"
157,"[1082185, 981760, 995785, 1037863, 845208]"
158,"[1022254, 1037863, 1082185, 854852, 1026118]"
159,"[1133018, 994928, 1044078, 1043590, 1106523]"
160,"[1082185, 961554, 1127831, 981760, 995785]"
161,"[1082185, 981760, 995242, 840361, 923746]"
162,"[1082185, 961554, 1127831, 916122, 1126899]"
164,"[883404, 908531, 826249, 1096036, 1098066]"
166,"[1082185, 981760, 1098066, 826249, 995242]"
167,"[1022254, 848071, 1037863, 1082185, 1028816]"
168,"[1082185, 885290, 986947, 925862, 872137]"
169,"[1110244, 901543, 921345, 1085604, 1132956]"
171,"[1098066, 883404, 826249, 1029743, 1082185]"
172,"[981760, 1082185, 1106523, 1133018, 1068719]"
174,"[994928, 1037863, 1133018, 845208, 923746]"
178,"[5568378, 1101173, 907631, 1110244, 830887]"
183,"[972143, 1106523, 951590, 836445, 963727]"
184,"[1082185, 962568, 854852, 995785, 900802]"
185,"[883404, 1098066, 1044078, 826249, 1106523]"
187,"[883404, 1085604, 1098066, 1044078, 1092026]"
188,"[1106523, 1133018, 1044078, 1033615, 985119]"
190,"[1082185, 866211, 916122, 951590, 1029743]"
191,"[5569471, 893501, 5584620, 1126899, 1058997]"
192,"[951590, 1101173, 902172, 1029743, 965766]"
193,"[5568378, 907631, 1101173, 1110244, 1029743]"
194,"[1037863, 1082185, 995785, 981760, 845208]"
195,"[1082185, 981760, 840361, 995242, 866211]"
196,"[883404, 1098066, 826249, 1044078, 1029743]"
197,"[1110244, 9881593, 1093966, 885697, 865511]"
198,"[883404, 1098066, 826249, 1044078, 1029743]"
199,"[1029743, 5568378, 826249, 1098066, 8090521]"
200,"[883404, 1096036, 908531, 1044078, 826249]"
201,"[883404, 1096036, 1044078, 1118533, 999971]"
202,"[981760, 1133018, 994928, 1044078, 923746]"
203,"[1082185, 981760, 826249, 1098066, 995242]"
204,"[1082185, 1127831, 961554, 854852, 878996]"
205,"[972143, 1037863, 969866, 6979089, 836445]"
208,"[1082185, 995785, 1037863, 1022254, 878996]"
209,"[1082185, 981760, 883404, 994928, 995242]"
210,"[981760, 994928, 1133018, 923746, 1082185]"
211,"[951590, 1082185, 925862, 1106523, 981760]"
212,"[1082185, 981760, 840361, 995242, 866211]"
213,"[5568378, 1101173, 907631, 1029743, 8090521]"
214,"[1058997, 1126899, 901062, 961554, 1127831]"
215,"[5587837, 5585735, 962568, 5585635, 954642]"
216,"[1082185, 995785, 854852, 1022254, 878996]"
217,"[1082185, 981760, 995785, 1037863, 845208]"
218,"[1082185, 6534178, 961554, 962568, 981760]"
219,"[1082185, 1127831, 878996, 995785, 854852]"
220,"[1082185, 962568, 5585727, 5585639, 6534178]"
221,"[883404, 994928, 1096036, 849843, 1038217]"
222,"[5585639, 1071939, 5585727, 1082185, 5584027]"
224,"[883404, 1044078, 1096036, 1133018, 994928]"
225,"[5568378, 1029743, 1101173, 951590, 1098066]"
226,"[883404, 1092026, 1085604, 1044078, 1096036]"
227,"[839849, 916767, 5585639, 1019637, 5585727]"
228,"[1082185, 6534178, 5585727, 5585639, 5584027]"
230,"[883404, 826249, 1098066, 1029743, 908531]"
232,"[883404, 908531, 826249, 1082185, 1071939]"
233,"[892531, 1115175, 846550, 5568729, 1116096]"
235,"[1082185, 961554, 1127831, 916122, 866211]"
236,"[5569471, 893501, 5584620, 5588666, 6534178]"
239,"[994928, 923746, 845208, 981760, 1037863]"
240,"[5585727, 5585639, 5584620, 5584027, 5590287]"
241,"[1022254, 854852, 1082185, 1051516, 1026118]"
242,"[1101173, 1029743, 5568378, 951590, 902172]"
243,"[1082185, 1058997, 1127831, 7024990, 901062]"
244,"[883404, 1098066, 826249, 1044078, 5568378]"
245,"[883404, 994928, 1044078, 1096036, 1133018]"
246,"[1082185, 981760, 995785, 840361, 995242]"
247,"[1037863, 981760, 845208, 1082185, 969866]"
248,"[1082185, 6534178, 961554, 5569471, 1127831]"
249,"[883404, 1096036, 994928, 1038217, 1044078]"
250,"[1101173, 902172, 1095040, 951590, 5568378]"
251,"[883404, 1098066, 5568378, 826249, 1106523]"
252,"[1106523, 900491, 1053763, 951526, 1050131]"
253,"[1106523, 883404, 1044078, 1133018, 1098066]"
254,"[5568378, 1085604, 8090521, 1029743, 1110244]"
256,"[961554, 892531, 1082185, 1126899, 5569471]"
257,"[1133018, 1044078, 5592931, 1043590, 994928]"
258,"[994928, 1096036, 849843, 1071939, 1038217]"
259,"[892531, 1115175, 5568729, 9881593, 999965]"
260,"[1082185, 995785, 854852, 878996, 1022254]"
262,"[6534178, 908531, 893501, 5569471, 826249]"
263,"[981760, 1082185, 1106523, 1133018, 1037863]"
264,"[1082185, 961554, 1127831, 1058997, 6534178]"
265,"[1082185, 6534178, 981760, 995242, 962568]"
266,"[1082185, 1127831, 878996, 986947, 901062]"
267,"[994928, 883404, 1133018, 1044078, 5592931]"
268,"[1029743, 1098066, 826249, 5568378, 951590]"
269,"[981760, 1082185, 994928, 1037863, 845208]"
270,"[883404, 1044078, 1106523, 1098066, 1133018]"
271,"[1082185, 883404, 994928, 981760, 995242]"
273,"[883404, 1098066, 826249, 1044078, 1096036]"
274,"[969866, 1127758, 912681, 1037863, 972143]"
275,"[994928, 981760, 923746, 1082185, 845208]"
276,"[883404, 994928, 1044078, 1133018, 981760]"
278,"[1082185, 981760, 1098066, 883404, 826249]"
280,"[981760, 1082185, 1037863, 845208, 994928]"
281,"[1082185, 1127831, 981760, 866211, 961554]"
282,"[1082185, 961554, 1127831, 1058997, 916122]"
283,"[1082185, 961554, 1127831, 916122, 866211]"
284,"[1101173, 5568378, 951590, 907631, 1029743]"
285,"[981760, 1082185, 994928, 1037863, 923746]"
286,"[1082185, 854852, 995785, 962568, 1127831]"
287,"[883404, 1044078, 1133018, 981760, 1098066]"
288,"[1082185, 995785, 1127831, 854852, 878996]"
289,"[962568, 1058997, 862349, 1082185, 1119051]"
290,"[1133018, 1044078, 883404, 5592931, 1043590]"
291,"[1106523, 1044078, 883404, 1133018, 1053763]"
292,"[883404, 1044078, 844165, 1106523, 1085604]"
294,"[1098066, 826249, 1029743, 1082185, 981760]"
297,"[5568378, 1098066, 1029743, 826249, 883404]"
300,"[1106523, 981760, 1098066, 951590, 1082185]"
301,"[1082185, 1029743, 916122, 961554, 6534178]"
302,"[5568378, 1110244, 1029743, 1101173, 907631]"
303,"[883404, 981760, 1098066, 1044078, 1133018]"
304,"[826249, 1098066, 883404, 1029743, 859075]"
305,"[1082185, 961554, 916122, 1127831, 866211]"
306,"[1082185, 981760, 995785, 994928, 923746]"
307,"[839849, 1031492, 1019637, 994928, 1034499]"
308,"[1082185, 1127831, 961554, 901062, 1126899]"
311,"[5585727, 5585635, 5584620, 5584007, 5588666]"
312,"[1082185, 1127831, 961554, 1058997, 854852]"
314,"[1082185, 1029743, 916122, 1098066, 826249]"
316,"[1106523, 972143, 969866, 1133018, 910673]"
317,"[1082185, 951590, 1029743, 866211, 916122]"
318,"[883404, 1044078, 1133018, 1096036, 1106523]"
321,"[1082185, 1127831, 854852, 878996, 995785]"
322,"[1082185, 961554, 1058997, 1127831, 1126899]"
323,"[972143, 969866, 1127758, 910673, 912681]"
324,"[1058997, 862349, 7024990, 951412, 1119051]"
325,"[1082185, 981760, 961554, 1127831, 840361]"
326,"[1085604, 1092026, 8090521, 5568378, 943233]"
327,"[1106523, 985119, 1033615, 1111839, 1050131]"
328,"[1082185, 1127831, 961554, 878996, 901062]"
329,"[1082185, 1127831, 901062, 944836, 961554]"
330,"[1037863, 845208, 1082185, 981760, 994928]"
331,"[951590, 1101173, 5568378, 1029743, 902172]"
332,"[1082185, 6534178, 5569471, 961554, 893501]"
333,"[1133018, 981760, 1037863, 1082185, 1106523]"
334,"[1082185, 6534178, 961554, 5569471, 995242]"
338,"[1037863, 845208, 969866, 871611, 984715]"
339,"[994928, 1096036, 1118533, 883404, 8205218]"
342,"[1106523, 883404, 1098066, 1044078, 1053763]"
343,"[1082185, 1127831, 878996, 961554, 854852]"
345,"[1082185, 981760, 840361, 995242, 6534178]"
346,"[1082185, 981760, 995785, 1037863, 854852]"
347,"[1037863, 1082185, 995785, 1022254, 845208]"
348,"[994928, 1133018, 5592931, 1044078, 1043590]"
349,"[1082185, 995785, 878996, 854852, 986947]"
350,"[1082185, 1098066, 1029743, 826249, 951590]"
351,"[1082185, 981760, 1133018, 1068719, 1106523]"
353,"[1082185, 1127831, 961554, 981760, 878996]"
354,"[1029743, 5568378, 1098066, 826249, 1101173]"
356,"[883404, 908531, 1096036, 1118533, 1092026]"
357,"[1082185, 961554, 6534178, 5569471, 1127831]"
358,"[1082185, 981760, 866211, 916122, 840361]"
360,"[883404, 981760, 1082185, 994928, 1098066]"
361,"[1082185, 6534178, 995242, 981760, 1071939]"
362,"[1037863, 1082185, 995785, 845208, 981760]"
364,"[1082185, 981760, 1098066, 826249, 1068719]"
365,"[1082185, 1037863, 995785, 981760, 1022254]"
366,"[1118533, 883404, 839849, 916767, 1096036]"
367,"[1082185, 961554, 962568, 1127831, 1058997]"
369,"[969866, 1133018, 1106523, 1127758, 972143]"
371,"[1082185, 961554, 981760, 6534178, 1127831]"
373,"[994928, 1023958, 849843, 923746, 845208]"
374,"[1082185, 981760, 995785, 878996, 854852]"
375,"[1082185, 994928, 981760, 849843, 923746]"
376,"[1133018, 1044078, 1106523, 1043590, 5592931]"
377,"[1082185, 995785, 962568, 854852, 981760]"
378,"[1082185, 962568, 854852, 995785, 860776]"
380,"[883404, 1044078, 1133018, 1098066, 981760]"
381,"[826249, 883404, 1098066, 1029743, 859075]"
382,"[1082185, 1037863, 981760, 995785, 845208]"
383,"[1119051, 1058997, 962568, 854852, 862349]"
384,"[1082185, 961554, 5569471, 1127831, 1058997]"
385,"[1082185, 981760, 6534178, 995242, 840361]"
386,"[883404, 1098066, 826249, 1044078, 1096036]"
387,"[1058997, 961554, 1082185, 1127831, 1126899]"
388,"[908531, 883404, 1012523, 1116460, 938141]"
389,"[1082185, 1127831, 961554, 854852, 995785]"
390,"[1082185, 981760, 1037863, 1133018, 845208]"
392,"[1082185, 1127831, 866211, 916122, 961554]"
393,"[883404, 1096036, 826249, 1098066, 908531]"
394,"[1082185, 1127831, 986947, 901062, 878996]"
395,"[981760, 883404, 1133018, 1044078, 1082185]"
396,"[1082185, 961554, 5569471, 1058997, 1127831]"
397,"[5569471, 1093966, 6534178, 1048068, 892531]"
398,"[883404, 1044078, 1098066, 826249, 1096036]"
400,"[1082185, 981760, 961554, 1127831, 840361]"
401,"[1037863, 981760, 969866, 1082185, 845208]"
402,"[5569471, 6534178, 961554, 1082185, 893501]"
404,"[1082185, 1058997, 961554, 962568, 862349]"
405,"[1082185, 994928, 981760, 923746, 849843]"
406,"[1082185, 995785, 1037863, 1022254, 854852]"
407,"[883404, 1096036, 1118533, 1044078, 1092026]"
409,"[1058997, 1082185, 961554, 862349, 5569471]"
410,"[994928, 1133018, 923746, 1023958, 845208]"
411,"[1082185, 981760, 1098066, 826249, 995242]"
412,"[1082185, 981760, 1037863, 995785, 845208]"
413,"[1082185, 981760, 1037863, 845208, 995785]"
414,"[1098066, 1106523, 883404, 826249, 1044078]"
415,"[5584620, 5585727, 5585639, 5582789, 964327]"
417,"[1082185, 981760, 923746, 994928, 995785]"
418,"[5569471, 6534178, 893501, 961554, 1126899]"
420,"[951590, 1106523, 1098066, 1101173, 965766]"
421,"[1082185, 6534178, 961554, 962568, 981760]"
425,"[883404, 1098066, 1044078, 826249, 1096036]"
426,"[1082185, 854852, 962568, 995785, 860776]"
427,"[1082185, 995785, 878996, 854852, 981760]"
429,"[1082185, 995785, 962568, 854852, 981760]"
430,"[6534178, 1029743, 5569471, 1082185, 826249]"
432,"[883404, 1096036, 994928, 1044078, 999971]"
433,"[1037863, 1022254, 1082185, 995785, 969866]"
434,"[1106523, 951590, 972143, 1133018, 1068719]"
435,"[5585639, 5585727, 5584620, 6534178, 5584027]"
437,"[1029743, 5568378, 951590, 1101173, 1098066]"
438,"[1082185, 6534178, 961554, 5569471, 1029743]"
441,"[1082185, 995785, 1037863, 981760, 854852]"
442,"[1082185, 6534178, 961554, 981760, 995242]"
443,"[1082185, 962568, 995785, 854852, 981760]"
446,"[892531, 1115175, 1055425, 1002771, 944836]"
447,"[883404, 994928, 1133018, 1044078, 1096036]"
449,"[1082185, 6534178, 826249, 1029743, 995242]"
450,"[994928, 1096036, 849843, 1038217, 883404]"
451,"[1082185, 1037863, 981760, 995785, 845208]"
454,"[883404, 1044078, 994928, 981760, 1098066]"
457,"[1133018, 1111839, 1043590, 1033615, 5592931]"
458,"[1082185, 962568, 961554, 1058997, 862349]"
459,"[1082185, 995785, 854852, 1022254, 1026118]"
460,"[1082185, 1037863, 995785, 962568, 845208]"
461,"[994928, 1082185, 849843, 981760, 923746]"
462,"[1082185, 995785, 854852, 878996, 860776]"
463,"[1037863, 981760, 1082185, 845208, 1133018]"
464,"[1082185, 981760, 994928, 995785, 923746]"
466,"[1106523, 972143, 969866, 985119, 1133018]"
467,"[1082185, 981760, 995785, 1037863, 845208]"
468,"[883404, 1096036, 1044078, 994928, 1038217]"
469,"[1082185, 1127831, 961554, 878996, 901062]"
470,"[916767, 883404, 839849, 938141, 908531]"
471,"[1082185, 995785, 854852, 981760, 1037863]"
474,"[883404, 1044078, 1133018, 1096036, 5592931]"
477,"[994928, 981760, 923746, 1082185, 849843]"
478,"[969866, 1037863, 912681, 1127758, 1043006]"
479,"[883404, 826249, 1085604, 1098066, 1092026]"
480,"[1082185, 1127831, 961554, 1058997, 901062]"
482,"[1106523, 1133018, 1033615, 1111839, 985119]"
483,"[883404, 1044078, 1096036, 999971, 1118533]"
484,"[1082185, 6534178, 5585727, 5585639, 5584027]"
485,"[1082185, 981760, 994928, 883404, 995242]"
487,"[883404, 826249, 1098066, 908531, 859075]"
489,"[962568, 1058997, 862349, 5585635, 5585735]"
491,"[1082185, 962568, 854852, 961554, 995785]"
493,"[1029743, 951590, 5568378, 1082185, 1101173]"
495,"[883404, 1098066, 1082185, 981760, 826249]"
497,"[5584620, 5585727, 5582789, 5569471, 5588666]"
502,"[1106523, 1133018, 1044078, 883404, 1043590]"
503,"[1082185, 1127831, 961554, 878996, 916122]"
505,"[5568378, 1110244, 907631, 1029743, 885697]"
506,"[1082185, 916122, 866211, 1115175, 5568729]"
507,"[5569471, 6534178, 893501, 5584620, 5585727]"
508,"[994928, 1133018, 883404, 1044078, 923746]"
510,"[1082185, 961554, 1127831, 6534178, 916122]"
511,"[994928, 883404, 1133018, 1096036, 1044078]"
513,"[1082185, 981760, 995785, 962568, 854852]"
514,"[1082185, 1058997, 962568, 862349, 961554]"
515,"[883404, 1044078, 1098066, 826249, 1133018]"
516,"[5569471, 1093966, 1029743, 867931, 6534178]"
517,"[1082185, 961554, 1127831, 962568, 854852]"
518,"[6534178, 1082185, 826249, 908531, 1029743]"
520,"[883404, 1098066, 826249, 1044078, 981760]"
521,"[1037863, 1082185, 995785, 1022254, 1026118]"
523,"[1082185, 1127831, 961554, 981760, 995785]"
524,"[1082185, 1037863, 995785, 981760, 1022254]"
525,"[1082185, 1127831, 961554, 854852, 878996]"
526,"[1082185, 826249, 981760, 1098066, 1029743]"
527,"[1082185, 961554, 1127831, 1058997, 1126899]"
531,"[5568378, 1029743, 826249, 1098066, 8090521]"
533,"[994928, 883404, 1133018, 1096036, 1044078]"
534,"[994928, 1023958, 849843, 923746, 1034499]"
537,"[1082185, 981760, 995242, 840361, 995785]"
538,"[944836, 1127831, 901062, 909714, 1055425]"
539,"[1082185, 995785, 981760, 1037863, 962568]"
540,"[986947, 872137, 901062, 1041259, 1137688]"
542,"[883404, 1098066, 826249, 1029743, 1044078]"
543,"[899580, 906502, 964327, 883916, 9526730]"
544,"[1082185, 961554, 1127831, 6534178, 916122]"
545,"[5585735, 5585727, 5585639, 5587837, 5588942]"
547,"[883404, 1098066, 826249, 1044078, 1029743]"
548,"[1082185, 962568, 854852, 961554, 995785]"
550,"[994928, 923746, 849843, 981760, 1133018]"
552,"[883404, 1044078, 1096036, 999971, 994928]"
553,"[1082185, 826249, 6534178, 1098066, 995242]"
554,"[1101173, 951590, 902172, 1095040, 890455]"
556,"[1029743, 826249, 1098066, 5568378, 883404]"
557,"[5569471, 5584620, 5588666, 5582789, 5585635]"
558,"[1037863, 1133018, 969866, 994928, 845208]"
560,"[1082185, 1098066, 826249, 981760, 995242]"
562,"[1082185, 981760, 1098066, 826249, 995242]"
563,"[1082185, 981760, 826249, 995242, 1098066]"
564,"[1082185, 1127831, 961554, 916122, 866211]"
566,"[883404, 1096036, 994928, 1044078, 1038217]"
567,"[883404, 1044078, 994928, 1133018, 1096036]"
568,"[883404, 1044078, 1106523, 1133018, 5592931]"
569,"[944836, 872137, 1055425, 986947, 1062128]"
570,"[1082185, 981760, 1098066, 951590, 826249]"
574,"[1029743, 826249, 1098066, 5568378, 1082185]"
575,"[1082185, 6534178, 961554, 5569471, 893501]"
576,"[1082185, 961554, 1127831, 1058997, 962568]"
577,"[846550, 902172, 1101173, 890455, 888612]"
578,"[1082185, 961554, 1127831, 1058997, 1126899]"
579,"[1082185, 962568, 854852, 961554, 1127831]"
580,"[994928, 1023958, 849843, 1034499, 923746]"
581,"[6534178, 1082185, 908531, 826249, 995242]"
582,"[1082185, 961554, 962568, 1127831, 1058997]"
583,"[883404, 1044078, 1096036, 1092026, 1098066]"
586,"[1101173, 951590, 5568378, 1029743, 907631]"
587,"[994928, 923746, 981760, 1133018, 849843]"
588,"[1082185, 1098066, 826249, 1029743, 981760]"
590,"[981760, 1133018, 1106523, 1082185, 1068719]"
591,"[1082185, 981760, 1098066, 826249, 995242]"
593,"[994928, 1023958, 1034499, 1096036, 849843]"
594,"[883404, 1044078, 1098066, 1133018, 1096036]"
595,"[883404, 826249, 1098066, 908531, 859075]"
596,"[969866, 1133018, 1106523, 972143, 1127758]"
598,"[1082185, 981760, 995785, 1127831, 866211]"
600,"[1082185, 981760, 1098066, 1068719, 826249]"
602,"[883404, 826249, 1098066, 1029743, 859075]"
603,"[1133018, 1106523, 1044078, 883404, 1043590]"
604,"[901062, 1058997, 1126899, 1127831, 7024990]"
605,"[5569471, 1093966, 892531, 1048068, 9881593]"
606,"[1082185, 1127831, 995785, 878996, 854852]"
608,"[1106523, 1044078, 1133018, 883404, 1098066]"
609,"[883404, 1096036, 826249, 908531, 1098066]"
610,"[1106523, 1044078, 883404, 1133018, 1098066]"
611,"[1082185, 981760, 995242, 840361, 6534178]"
612,"[5568378, 1085604, 1029743, 1098066, 8090521]"
613,"[883404, 1044078, 1133018, 994928, 1096036]"
614,"[951590, 1082185, 965766, 1101173, 981760]"
615,"[1082185, 981760, 995785, 854852, 1037863]"
617,"[1082185, 961554, 1127831, 916122, 866211]"
618,"[883404, 1044078, 994928, 1096036, 1133018]"
621,"[1082185, 995785, 981760, 854852, 962568]"
622,"[1029743, 1082185, 826249, 1098066, 995242]"
623,"[994928, 883404, 1096036, 1038217, 849843]"
624,"[883404, 1044078, 1133018, 1096036, 1098066]"
630,"[1082185, 962568, 981760, 994928, 6534178]"
631,"[1082185, 962568, 854852, 1058997, 862349]"
632,"[1082185, 981760, 994928, 995785, 962568]"
633,"[1098066, 883404, 826249, 1029743, 859075]"
636,"[883404, 994928, 1096036, 1044078, 1038217]"
637,"[5568378, 1085604, 883404, 1098066, 1053763]"
638,"[1082185, 866211, 916122, 981760, 1127831]"
640,"[883404, 1098066, 826249, 1085604, 1092026]"
641,"[1082185, 981760, 995785, 854852, 878996]"
643,"[1082185, 994928, 981760, 1071939, 849843]"
644,"[1082185, 962568, 961554, 6534178, 5585635]"
647,"[1082185, 826249, 1029743, 1098066, 995242]"
648,"[1041259, 1119051, 854852, 1137688, 1051516]"
650,"[1082185, 981760, 995785, 1037863, 845208]"
652,"[883404, 1098066, 1085604, 826249, 5568378]"
653,"[1082185, 981760, 6534178, 995242, 1071939]"
654,"[1082185, 981760, 995242, 840361, 826249]"
655,"[1037863, 1082185, 981760, 995785, 969866]"
658,"[981760, 1037863, 1082185, 1133018, 969866]"
659,"[1029743, 826249, 1098066, 5568378, 859075]"
660,"[1029743, 5568378, 1110244, 826249, 929668]"
661,"[883404, 1098066, 826249, 1085604, 1029743]"
662,"[5568378, 1029743, 907631, 1101173, 8090521]"
663,"[883404, 1044078, 1096036, 1092026, 1085604]"
665,"[969866, 1127758, 912681, 1043006, 1133018]"
666,"[1106523, 981760, 1133018, 1082185, 1068719]"
667,"[1082185, 981760, 995785, 1037863, 845208]"
668,"[5585735, 5587837, 5585727, 5585635, 5585639]"
669,"[1082185, 1127831, 901062, 878996, 986947]"
670,"[1082185, 1127831, 961554, 878996, 854852]"
671,"[883404, 1098066, 826249, 1029743, 1044078]"
672,"[1082185, 1071939, 5585639, 994928, 5585727]"
673,"[969866, 1133018, 1037863, 972143, 1127758]"
674,"[1106523, 972143, 951590, 981760, 1082185]"
675,"[1106523, 951590, 972143, 1068719, 965766]"
676,"[883404, 1098066, 826249, 1044078, 1092026]"
680,"[1082185, 981760, 995785, 995242, 840361]"
681,"[1110244, 9881593, 1095040, 831063, 1101173]"
684,"[883404, 1098066, 1044078, 826249, 1092026]"
685,"[981760, 1082185, 994928, 923746, 1133018]"
687,"[951590, 1106523, 1082185, 981760, 1098066]"
690,"[994928, 981760, 923746, 1082185, 1133018]"
691,"[6534178, 1082185, 5569471, 893501, 961554]"
692,"[962568, 1022254, 854852, 1051516, 1026118]"
693,"[1082185, 981760, 1127831, 961554, 995785]"
694,"[883404, 1092026, 1085604, 826249, 1098066]"
695,"[1082185, 961554, 6534178, 1127831, 981760]"
696,"[1082185, 961554, 1127831, 6534178, 916122]"
697,"[1058997, 862349, 951412, 1119051, 7024990]"
698,"[883404, 1044078, 1096036, 1098066, 826249]"
699,"[1082185, 916122, 866211, 1029743, 1127831]"
700,"[883404, 1044078, 1106523, 1133018, 1098066]"
701,"[1082185, 995785, 854852, 962568, 981760]"
702,"[994928, 923746, 849843, 981760, 1082185]"
703,"[1082185, 1127831, 916122, 866211, 1115175]"
705,"[1082185, 981760, 995242, 994928, 923746]"
706,"[1082185, 6534178, 1029743, 826249, 5569471]"
707,"[1082185, 961554, 916122, 1127831, 866211]"
708,"[1082185, 981760, 995785, 840361, 995242]"
709,"[981760, 1082185, 883404, 1133018, 1098066]"
710,"[883404, 1098066, 826249, 1044078, 1085604]"
711,"[883404, 1096036, 1092026, 908531, 1085604]"
712,"[1082185, 1127831, 878996, 995785, 854852]"
713,"[1029743, 5568378, 826249, 1085604, 1098066]"
714,"[883404, 1044078, 1133018, 981760, 1098066]"
715,"[994928, 981760, 1082185, 1133018, 923746]"
716,"[1082185, 961554, 1127831, 1058997, 6534178]"
717,"[883404, 826249, 1098066, 1029743, 859075]"
718,"[1082185, 981760, 995242, 994928, 883404]"
719,"[883404, 908531, 1096036, 826249, 1098066]"
720,"[1119051, 962568, 1058997, 854852, 862349]"
721,"[5569471, 5584620, 893501, 5588666, 5582789]"
722,"[1126899, 1058997, 961554, 1127831, 901062]"
723,"[1082185, 1127831, 878996, 995785, 854852]"
725,"[994928, 883404, 1082185, 981760, 1096036]"
726,"[1082185, 1127831, 878996, 854852, 995785]"
727,"[1106523, 1133018, 972143, 951590, 910673]"
728,"[883404, 826249, 1098066, 908531, 1082185]"
729,"[1082185, 981760, 995785, 1037863, 845208]"
730,"[1037863, 969866, 845208, 1082185, 981760]"
731,"[5584620, 5585727, 5585639, 5584027, 5590287]"
733,"[899580, 5584620, 964327, 5585727, 5582789]"
734,"[1082185, 995785, 878996, 854852, 1022254]"
735,"[843304, 1101173, 982469, 1135681, 951590]"
736,"[1082185, 981760, 1127831, 995785, 961554]"
740,"[1082185, 1127831, 878996, 854852, 986947]"
741,"[1082185, 854852, 995785, 1022254, 1026118]"
742,"[883404, 1085604, 1092026, 1096036, 1118533]"
743,"[1106523, 1133018, 1044078, 1033615, 1068719]"
744,"[1082185, 962568, 854852, 1127831, 995785]"
745,"[1082185, 1127831, 995785, 878996, 981760]"
747,"[994928, 923746, 981760, 849843, 1082185]"
748,"[883404, 1044078, 999971, 1096036, 1113588]"
749,"[1082185, 981760, 1098066, 826249, 995242]"
750,"[883404, 1085604, 1092026, 1044078, 1098066]"
752,"[1082185, 981760, 840361, 1127831, 995242]"
753,"[1082185, 961554, 6534178, 1127831, 5569471]"
754,"[1041259, 1028816, 1022254, 987838, 848071]"
755,"[1058997, 862349, 961554, 916993, 1082185]"
757,"[1082185, 6534178, 995242, 981760, 826249]"
759,"[872137, 856942, 885290, 1082185, 986947]"
761,"[1082185, 1127831, 866211, 916122, 961554]"
762,"[961554, 1082185, 5569471, 6534178, 1058997]"
764,"[1082185, 981760, 995785, 1127831, 878996]"
766,"[1058997, 862349, 962568, 916993, 951412]"
767,"[1082185, 961554, 1127831, 1126899, 916122]"
768,"[883404, 1071939, 1096036, 908531, 994928]"
769,"[883404, 1096036, 1044078, 1098066, 826249]"
770,"[883404, 1098066, 826249, 1044078, 1092026]"
771,"[1082185, 981760, 962568, 995785, 840361]"
773,"[1127831, 1082185, 961554, 1126899, 901062]"
776,"[883404, 1098066, 1044078, 1106523, 826249]"
777,"[5584620, 5585727, 5588666, 5585639, 5582789]"
779,"[1082185, 1127831, 961554, 854852, 878996]"
781,"[1037863, 1022254, 1026118, 848071, 987838]"
784,"[1082185, 1037863, 995785, 981760, 854852]"
786,"[1082185, 981760, 995785, 840361, 995242]"
787,"[1082185, 1127831, 961554, 1058997, 901062]"
788,"[883404, 1044078, 1106523, 1098066, 1133018]"
789,"[1037863, 1082185, 995785, 1022254, 981760]"
790,"[1101173, 951590, 5568378, 1029743, 1098066]"
793,"[1082185, 1029743, 1098066, 981760, 826249]"
794,"[1082185, 995785, 854852, 962568, 860776]"
795,"[883404, 1098066, 826249, 1029743, 1044078]"
796,"[1037863, 845208, 994928, 871611, 1023958]"
798,"[5585727, 5585639, 6534178, 1082185, 5584620]"
799,"[1082185, 5585727, 5585635, 5585639, 5584007]"
800,"[1082185, 916122, 892531, 961554, 866211]"
801,"[1082185, 981760, 995785, 1037863, 854852]"
802,"[981760, 1133018, 1082185, 994928, 923746]"
803,"[1082185, 981760, 1106523, 951590, 1068719]"
804,"[883404, 1044078, 1096036, 1092026, 1085604]"
805,"[883404, 1044078, 1133018, 994928, 1096036]"
806,"[1082185, 6534178, 995242, 981760, 840361]"
807,"[826249, 1082185, 6534178, 908531, 1098066]"
808,"[1029743, 826249, 6534178, 859075, 1098066]"
810,"[1037863, 1022254, 987838, 1026118, 848071]"
811,"[1098066, 826249, 1029743, 883404, 5568378]"
813,"[1082185, 995785, 854852, 860776, 962568]"
814,"[1082185, 951590, 981760, 1101173, 965766]"
816,"[1029743, 6534178, 1082185, 5569471, 826249]"
817,"[1058997, 1082185, 961554, 1127831, 1126899]"
818,"[1082185, 5569471, 6534178, 961554, 1029743]"
820,"[883404, 1044078, 1098066, 826249, 1106523]"
822,"[1133018, 1106523, 1044078, 981760, 1068719]"
823,"[994928, 883404, 1133018, 1096036, 1044078]"
824,"[994928, 981760, 1082185, 923746, 1133018]"
825,"[1082185, 1058997, 862349, 962568, 961554]"
826,"[1106523, 1133018, 1044078, 1098066, 883404]"
829,"[1082185, 1127831, 981760, 995785, 878996]"
830,"[1082185, 981760, 994928, 883404, 923746]"
831,"[1082185, 1029743, 826249, 1098066, 916122]"
836,"[5585639, 5585727, 5584620, 5584027, 5590287]"
837,"[1082185, 1058997, 961554, 1127831, 862349]"
840,"[1082185, 981760, 866211, 1127831, 916122]"
841,"[1106523, 1044078, 1053763, 883404, 951526]"
842,"[883404, 1044078, 1096036, 1098066, 826249]"
844,"[1082185, 854852, 1127831, 962568, 961554]"
845,"[961554, 1126899, 1127831, 1082185, 909714]"
846,"[1098066, 826249, 1029743, 883404, 5568378]"
847,"[1082185, 878996, 854852, 1127831, 995785]"
848,"[1029743, 5568378, 1101173, 1110244, 907631]"
850,"[994928, 1037863, 845208, 1133018, 1023958]"
852,"[1137688, 1041259, 7024990, 854852, 1028816]"
853,"[1126899, 1058997, 5569471, 862349, 961554]"
854,"[1098066, 826249, 883404, 1082185, 981760]"
855,"[1082185, 981760, 995242, 840361, 6534178]"
856,"[1037863, 981760, 1082185, 845208, 969866]"
857,"[951590, 1082185, 1029743, 1098066, 1101173]"
858,"[1082185, 981760, 1127831, 961554, 995785]"
859,"[1082185, 826249, 1029743, 1098066, 995242]"
861,"[1037863, 969866, 6979089, 972143, 9296804]"
862,"[1133018, 1106523, 1044078, 883404, 1043590]"
863,"[1133018, 1044078, 883404, 1106523, 981760]"
864,"[1082185, 883404, 981760, 995242, 826249]"
865,"[883404, 1098066, 1044078, 1106523, 981760]"
866,"[883404, 1044078, 1096036, 1133018, 1098066]"
867,"[1082185, 961554, 6534178, 1127831, 962568]"
868,"[1082185, 916122, 961554, 1029743, 866211]"
869,"[994928, 1133018, 5592931, 1023958, 923746]"
871,"[1082185, 1127831, 961554, 901062, 866211]"
875,"[994928, 1082185, 849843, 1071939, 923746]"
876,"[961554, 1082185, 5569471, 6534178, 1127831]"
877,"[1127831, 901062, 1126899, 1082185, 961554]"
878,"[1106523, 1044078, 883404, 1133018, 1098066]"
879,"[1082185, 961554, 1127831, 6534178, 5569471]"
880,"[1082185, 981760, 995785, 878996, 866211]"
881,"[883404, 1092026, 1085604, 908531, 826249]"
882,"[826249, 1098066, 1029743, 883404, 859075]"
883,"[1082185, 854852, 995785, 962568, 860776]"
884,"[883404, 1118533, 1015247, 1096036, 8205218]"
885,"[883404, 1044078, 1092026, 1085604, 1096036]"
886,"[908531, 5585639, 5585727, 1071939, 1107553]"
887,"[1133018, 1106523, 981760, 994928, 1044078]"
888,"[5569471, 961554, 6534178, 1082185, 1029743]"
889,"[1082185, 961554, 916122, 892531, 1127831]"
891,"[1082185, 981760, 1106523, 1068719, 1004906]"
893,"[1082185, 981760, 1098066, 826249, 1106523]"
894,"[1041259, 1137688, 1028816, 7024990, 1119051]"
895,"[1055425, 944836, 892531, 1115175, 1002771]"
897,"[908531, 1071939, 883404, 6534178, 826249]"
898,"[1082185, 962568, 854852, 1058997, 1119051]"
900,"[1082185, 994928, 981760, 849843, 923746]"
903,"[1082185, 1127831, 901062, 854852, 878996]"
904,"[1082185, 981760, 994928, 923746, 883404]"
906,"[1037863, 969866, 1082185, 6979089, 972143]"
907,"[1082185, 981760, 1037863, 995785, 845208]"
908,"[1082185, 854852, 962568, 995785, 860776]"
909,"[1082185, 961554, 981760, 6534178, 840361]"
911,"[854852, 1119051, 1041259, 1051516, 1082185]"
913,"[892531, 1115175, 5568729, 916122, 961554]"
914,"[1082185, 981760, 1098066, 826249, 995242]"
915,"[1037863, 845208, 969866, 871611, 926065]"
916,"[5569471, 1082185, 6534178, 961554, 5588666]"
919,"[883404, 1044078, 1132770, 1113588, 1133018]"
920,"[883404, 994928, 1096036, 1044078, 1038217]"
922,"[901062, 1137688, 7024990, 1041259, 986947]"
924,"[5568378, 1110244, 907631, 1029743, 1101173]"
926,"[1058997, 862349, 1126899, 961554, 1127831]"
927,"[1082185, 981760, 961554, 1127831, 995785]"
928,"[1082185, 981760, 994928, 923746, 995785]"
929,"[883404, 1098066, 826249, 1029743, 859075]"
930,"[6534178, 908531, 1029743, 826249, 5569471]"
931,"[1098066, 826249, 883404, 5568378, 1029743]"
934,"[1082185, 981760, 995242, 840361, 826249]"
935,"[1082185, 981760, 995785, 1037863, 854852]"
936,"[1082185, 981760, 883404, 1098066, 826249]"
937,"[5584620, 5585727, 5585635, 5582789, 5584007]"
939,"[883404, 994928, 1096036, 1044078, 1038217]"
940,"[883404, 1096036, 1118533, 1038217, 908531]"
941,"[961554, 1082185, 1127831, 5569471, 1126899]"
942,"[883404, 1071939, 908531, 1096036, 896369]"
943,"[883404, 1044078, 1096036, 1133018, 999971]"
944,"[1082185, 981760, 995785, 866211, 878996]"
946,"[1037863, 969866, 981760, 1106523, 972143]"
947,"[883404, 1096036, 1071939, 1038217, 908531]"
949,"[1029743, 5568378, 826249, 1110244, 5569327]"
951,"[1082185, 1127831, 961554, 995785, 981760]"
952,"[1029743, 1085604, 826249, 908531, 5569327]"
953,"[1082185, 981760, 1098066, 883404, 826249]"
954,"[1082185, 981760, 995785, 1037863, 845208]"
955,"[1106523, 951590, 1068719, 965766, 981760]"
956,"[1082185, 981760, 1037863, 995785, 845208]"
957,"[1133018, 969866, 1037863, 1106523, 981760]"
959,"[1022254, 987838, 1051516, 854852, 1041259]"
960,"[1041259, 1028816, 986947, 848071, 1082185]"
961,"[892531, 1115175, 5568729, 9881593, 1048068]"
964,"[883404, 1044078, 1085604, 1098066, 1106523]"
965,"[883404, 1044078, 1106523, 844165, 1098066]"
967,"[883404, 1085604, 1092026, 1044078, 1096036]"
968,"[883404, 908531, 826249, 1098066, 1071939]"
969,"[1082185, 961554, 1127831, 962568, 981760]"
971,"[1082185, 981760, 840361, 995242, 961554]"
972,"[1082185, 1127831, 961554, 916122, 866211]"
973,"[1082185, 1127831, 878996, 854852, 995785]"
974,"[1106523, 951590, 1098066, 5568378, 1053763]"
975,"[1082185, 1127831, 961554, 916122, 909714]"
976,"[1082185, 916122, 892531, 1115175, 1127831]"
978,"[1082185, 1127831, 866211, 916122, 961554]"
979,"[951590, 1082185, 902172, 1101173, 885290]"
981,"[1082185, 981760, 866211, 1127831, 995785]"
982,"[1082185, 826249, 1098066, 1029743, 995242]"
983,"[1082185, 1098066, 826249, 883404, 981760]"
984,"[1082185, 961554, 1058997, 1127831, 862349]"
985,"[1082185, 981760, 1127831, 995785, 961554]"
986,"[883404, 1096036, 994928, 1044078, 1133018]"
987,"[1082185, 981760, 995242, 840361, 995785]"
988,"[883404, 908531, 826249, 1092026, 859075]"
989,"[1098066, 826249, 1082185, 1029743, 883404]"
991,"[1037863, 1082185, 995785, 1022254, 6979089]"
992,"[1082185, 1127831, 961554, 981760, 995785]"
993,"[1082185, 1127831, 961554, 854852, 878996]"
996,"[994928, 981760, 923746, 849843, 1133018]"
997,"[5569471, 6534178, 893501, 961554, 1082185]"
998,"[1098066, 883404, 826249, 1029743, 5568378]"
999,"[883404, 1044078, 1098066, 1085604, 1092026]"
1000,"[1082185, 981760, 1037863, 845208, 994928]"
1001,"[6534178, 908531, 1071939, 5585639, 1107553]"
1003,"[994928, 1133018, 883404, 1096036, 1044078]"
1004,"[1082185, 981760, 995242, 840361, 1098066]"
1005,"[994928, 1023958, 923746, 849843, 981760]"
1007,"[883404, 1096036, 908531, 1118533, 1092026]"
1008,"[1133018, 994928, 981760, 1044078, 1106523]"
1010,"[1082185, 6534178, 5569471, 961554, 893501]"
1011,"[1127831, 1082185, 961554, 1126899, 909714]"
1012,"[1082185, 826249, 6534178, 1098066, 908531]"
1014,"[1082185, 981760, 994928, 923746, 845208]"
1015,"[1082185, 962568, 5587837, 5585735, 854852]"
1018,"[1029743, 826249, 5568378, 1098066, 5569327]"
1019,"[1037863, 969866, 845208, 981760, 1082185]"
1020,"[1082185, 995785, 981760, 854852, 878996]"
1021,"[1082185, 6534178, 908531, 826249, 995242]"
1023,"[944836, 1055425, 1062128, 909714, 1127831]"
1024,"[883404, 1098066, 826249, 1044078, 1029743]"
1025,"[883404, 1044078, 1098066, 826249, 1085604]"
1027,"[1082185, 1037863, 995785, 1022254, 854852]"
1029,"[1082185, 1127831, 878996, 986947, 854852]"
1030,"[892531, 1115175, 944836, 1055425, 909714]"
1034,"[1037863, 1022254, 1026118, 845208, 969866]"
1038,"[1133018, 994928, 1043590, 5592931, 1044078]"
1039,"[1082185, 1029743, 916122, 866211, 961554]"
1040,"[5569471, 1126899, 1058997, 893501, 961554]"
1041,"[1106523, 1044078, 1133018, 883404, 1098066]"
1042,"[5585727, 6534178, 5585639, 1082185, 5584620]"
1043,"[1082185, 981760, 995785, 1037863, 845208]"
1045,"[1082185, 981760, 1098066, 826249, 995242]"
1046,"[1127831, 1082185, 961554, 1126899, 1058997]"
1047,"[994928, 883404, 1096036, 1044078, 923746]"
1050,"[1082185, 981760, 1133018, 923746, 1004906]"
1051,"[951590, 1106523, 1098066, 965766, 826249]"
1053,"[1041259, 854852, 1082185, 1137688, 1028816]"
1057,"[1058997, 1126899, 5569471, 862349, 961554]"
1058,"[1106523, 1133018, 1044078, 883404, 1043590]"
1060,"[951590, 885290, 902172, 1082185, 846550]"
1061,"[1106523, 1133018, 1044078, 1068719, 883404]"
1062,"[883404, 994928, 1044078, 1096036, 1133018]"
1064,"[1082185, 961554, 6534178, 1127831, 5569471]"
1066,"[1037863, 1082185, 981760, 845208, 995785]"
1067,"[883404, 908531, 826249, 1071939, 859075]"
1068,"[1106523, 1133018, 1033615, 985119, 1111839]"
1069,"[951590, 1082185, 981760, 965766, 1106523]"
1070,"[1082185, 981760, 961554, 1127831, 840361]"
1071,"[883404, 1098066, 826249, 1044078, 1085604]"
1073,"[892531, 1115175, 5568729, 916122, 1082185]"
1074,"[1082185, 961554, 916122, 6534178, 1029743]"
1075,"[1133018, 981760, 1106523, 994928, 1044078]"
1076,"[951590, 1082185, 1098066, 1029743, 965766]"
1077,"[1082185, 981760, 972143, 1106523, 951590]"
1078,"[1082185, 1127831, 961554, 854852, 878996]"
1080,"[1106523, 1053763, 951526, 900491, 883404]"
1081,"[1082185, 995785, 854852, 878996, 981760]"
1082,"[994928, 1096036, 883404, 1118533, 8205218]"
1083,"[1082185, 981760, 1037863, 845208, 994928]"
1084,"[951590, 1106523, 965766, 1068719, 981760]"
1085,"[826249, 883404, 1098066, 908531, 1029743]"
1086,"[1082185, 1127831, 981760, 995785, 878996]"
1087,"[883404, 994928, 1044078, 1096036, 981760]"
1088,"[951590, 982469, 1135681, 1101173, 1106523]"
1089,"[883404, 1044078, 1085604, 844165, 1106523]"
1090,"[1082185, 995785, 1022254, 854852, 878996]"
1091,"[1029743, 1082185, 1098066, 951590, 826249]"
1092,"[883404, 1096036, 1044078, 908531, 826249]"
1093,"[1082185, 981760, 840361, 995242, 866211]"
1094,"[1082185, 1098066, 826249, 981760, 1029743]"
1096,"[1022254, 1082185, 854852, 1051516, 1026118]"
1097,"[1082185, 981760, 995785, 1004906, 840361]"
1098,"[994928, 849843, 1071939, 927191, 839849]"
1100,"[1082185, 962568, 6534178, 961554, 981760]"
1102,"[1037863, 981760, 1082185, 969866, 845208]"
1103,"[9881593, 1093966, 892531, 865511, 1110244]"
1104,"[951590, 1101173, 1029743, 5568378, 902172]"
1105,"[1082185, 1127831, 961554, 901062, 1126899]"
1106,"[1106523, 1044078, 1133018, 883404, 1098066]"
1108,"[994928, 1133018, 923746, 981760, 1044078]"
1109,"[1082185, 1127831, 878996, 854852, 986947]"
1110,"[883404, 826249, 1082185, 1098066, 995242]"
1111,"[1082185, 981760, 1037863, 995785, 1133018]"
1112,"[1126899, 1058997, 5569471, 862349, 961554]"
1113,"[1082185, 854852, 878996, 1127831, 995785]"
1114,"[883404, 1098066, 826249, 1085604, 5568378]"
1115,"[1082185, 1041259, 1137688, 854852, 7024990]"
1117,"[1082185, 981760, 1098066, 883404, 826249]"
1119,"[1082185, 826249, 981760, 995242, 1098066]"
1120,"[981760, 1082185, 1106523, 1068719, 951590]"
1121,"[1082185, 981760, 1127831, 866211, 916122]"
1123,"[1082185, 995785, 981760, 878996, 854852]"
1124,"[883404, 1044078, 1092026, 1085604, 844165]"
1127,"[1082185, 981760, 1098066, 995242, 840361]"
1128,"[1082185, 981760, 994928, 923746, 995242]"
1129,"[1082185, 1127831, 901062, 986947, 944836]"
1130,"[994928, 1133018, 981760, 923746, 845208]"
1131,"[1098066, 883404, 1106523, 1044078, 981760]"
1132,"[1106523, 1133018, 1044078, 883404, 1033615]"
1133,"[1082185, 981760, 995785, 1127831, 854852]"
1134,"[1082185, 885290, 866211, 925862, 1127831]"
1135,"[1082185, 1098066, 826249, 1029743, 981760]"
1136,"[883404, 1044078, 1106523, 1133018, 1098066]"
1137,"[1037863, 969866, 981760, 845208, 1133018]"
1138,"[883404, 1092026, 1085604, 908531, 1096036]"
1139,"[1082185, 1127831, 944836, 961554, 909714]"
1141,"[883404, 1044078, 1096036, 999971, 1118533]"
1142,"[1082185, 962568, 995785, 854852, 981760]"
1145,"[1106523, 1044078, 1133018, 883404, 1098066]"
1146,"[1106523, 951590, 1044078, 1098066, 1133018]"
1147,"[1098066, 1029743, 826249, 5568378, 883404]"
1149,"[1037863, 969866, 1022254, 9296804, 6979089]"
1151,"[1106523, 972143, 951590, 1135681, 836445]"
1152,"[883404, 826249, 1098066, 908531, 859075]"
1154,"[5568378, 1029743, 1101173, 951590, 1098066]"
1155,"[883404, 1085604, 1092026, 826249, 1098066]"
1157,"[5569471, 961554, 892531, 6534178, 916122]"
1158,"[1096036, 839849, 883404, 994928, 1038217]"
1159,"[1082185, 961554, 1127831, 962568, 1058997]"
1160,"[1133018, 994928, 1044078, 883404, 5592931]"
1161,"[1082185, 981760, 994928, 840361, 995242]"
1163,"[1082185, 981760, 995242, 840361, 826249]"
1164,"[1058997, 862349, 1126899, 951412, 7024990]"
1166,"[1082185, 6534178, 995242, 961554, 840361]"
1167,"[1082185, 916122, 1029743, 961554, 866211]"
1168,"[1082185, 962568, 854852, 995785, 900802]"
1169,"[1106523, 1133018, 1044078, 1068719, 1098066]"
1171,"[883404, 1044078, 1098066, 826249, 1096036]"
1172,"[883404, 1096036, 994928, 1038217, 908531]"
1174,"[1133018, 981760, 994928, 1106523, 923746]"
1175,"[1082185, 986947, 1127831, 878996, 854852]"
1176,"[1082185, 981760, 995785, 1037863, 845208]"
1178,"[1082185, 994928, 962568, 849843, 5587837]"
1179,"[1082185, 1029743, 826249, 1098066, 916122]"
1180,"[1133018, 1044078, 1106523, 883404, 1043590]"
1182,"[994928, 1133018, 5592931, 1044078, 1043590]"
1183,"[1133018, 883404, 5592931, 1044078, 1043590]"
1185,"[1037863, 969866, 981760, 1133018, 845208]"
1186,"[1041259, 1137688, 7024990, 854852, 1028816]"
1187,"[1101173, 1053763, 951590, 951526, 900491]"
1188,"[883404, 1096036, 994928, 1038217, 1044078]"
1189,"[1037863, 6979089, 969866, 972143, 9296804]"
1190,"[883404, 826249, 1098066, 908531, 859075]"
1191,"[1082185, 1127831, 866211, 916122, 981760]"
1192,"[951590, 1101173, 1106523, 1135681, 982469]"
1193,"[883404, 1096036, 1038217, 994928, 1071939]"
1194,"[1037863, 994928, 969866, 1133018, 845208]"
1195,"[1110244, 9881593, 831063, 885697, 1101173]"
1196,"[892531, 1115175, 5568729, 1055425, 1126899]"
1197,"[1029743, 892531, 5568729, 1115175, 916122]"
1198,"[1082185, 854852, 962568, 995785, 1119051]"
1201,"[1085604, 883404, 1092026, 8090521, 5568378]"
1202,"[5569471, 5584620, 5585635, 5582789, 5588666]"
1203,"[951590, 1106523, 1101173, 1135681, 982469]"
1204,"[883404, 1098066, 826249, 1044078, 1096036]"
1205,"[5568378, 1098066, 1029743, 826249, 1101173]"
1206,"[883404, 981760, 1044078, 1098066, 1082185]"
1207,"[994928, 981760, 923746, 849843, 1082185]"
1208,"[994928, 1133018, 923746, 1096036, 849843]"
1209,"[1082185, 962568, 854852, 995785, 961554]"
1210,"[1082185, 6534178, 1071939, 5585639, 5585727]"
1211,"[885290, 925862, 936914, 1082185, 872137]"
1214,"[1082185, 961554, 1127831, 981760, 962568]"
1216,"[1082185, 981760, 840361, 995785, 1127831]"
1217,"[1098066, 1106523, 5568378, 883404, 826249]"
1218,"[1082185, 1127831, 961554, 878996, 901062]"
1219,"[5568378, 1029743, 1098066, 826249, 951590]"
1221,"[1082185, 962568, 854852, 995785, 900802]"
1222,"[1082185, 1098066, 1029743, 826249, 981760]"
1223,"[883404, 1044078, 1096036, 999971, 844165]"
1224,"[1133018, 1106523, 981760, 969866, 1037863]"
1225,"[883404, 1098066, 826249, 1044078, 1106523]"
1226,"[1082185, 981760, 840361, 995785, 995242]"
1227,"[1082185, 1127831, 961554, 916122, 866211]"
1228,"[1082185, 981760, 962568, 995785, 994928]"
1229,"[1082185, 854852, 1127831, 878996, 995785]"
1230,"[1082185, 961554, 1127831, 916122, 866211]"
1231,"[5587837, 5585735, 962568, 994928, 5588942]"
1234,"[1082185, 961554, 1127831, 916122, 866211]"
1236,"[883404, 1044078, 1106523, 1098066, 1133018]"
1238,"[1082185, 981760, 995785, 840361, 995242]"
1240,"[1082185, 1127831, 901062, 1058997, 961554]"
1241,"[5568378, 1085604, 8090521, 1029743, 1092026]"
1242,"[1082185, 981760, 995785, 854852, 878996]"
1245,"[1082185, 981760, 1037863, 845208, 995785]"
1246,"[892531, 1082185, 1115175, 916122, 5568729]"
1247,"[1082185, 1127831, 986947, 878996, 854852]"
1248,"[5568378, 1101173, 1029743, 951590, 1098066]"
1249,"[1082185, 1037863, 981760, 995785, 969866]"
1252,"[1082185, 961554, 1127831, 962568, 854852]"
1255,"[883404, 1044078, 1096036, 999971, 844165]"
1256,"[6391381, 848071, 986947, 1028816, 1041259]"
1257,"[1058997, 7024990, 862349, 951412, 1119051]"
1258,"[1126899, 1058997, 961554, 5569471, 909714]"
1259,"[1082185, 981760, 994928, 883404, 923746]"
1260,"[1082185, 1022254, 854852, 995785, 1041259]"
1261,"[5585727, 5584620, 5585639, 5582789, 5590287]"
1262,"[883404, 1098066, 826249, 1044078, 981760]"
1263,"[1098066, 883404, 826249, 1029743, 5568378]"
1264,"[883404, 1096036, 1044078, 1098066, 826249]"
1265,"[1082185, 981760, 994928, 995242, 883404]"
1266,"[994928, 1133018, 981760, 923746, 1037863]"
1267,"[1126899, 944836, 1127831, 909714, 901062]"
1269,"[1082185, 981760, 994928, 995785, 923746]"
1270,"[1037863, 1082185, 981760, 972143, 969866]"
1271,"[1082185, 995785, 1037863, 981760, 854852]"
1272,"[1082185, 854852, 1127831, 878996, 860776]"
1274,"[1029743, 1082185, 826249, 1098066, 5568378]"
1277,"[883404, 826249, 1098066, 1029743, 859075]"
1278,"[1082185, 961554, 1127831, 916122, 6534178]"
1279,"[1133018, 981760, 994928, 923746, 1037863]"
1280,"[900391, 890455, 888612, 1114811, 938690]"
1281,"[1082185, 981760, 1106523, 1068719, 951590]"
1282,"[1106523, 1133018, 1068719, 981760, 1044078]"
1283,"[981760, 1082185, 994928, 923746, 1133018]"
1284,"[994928, 1133018, 5592931, 923746, 1044078]"
1285,"[1085604, 8090521, 5568378, 1029743, 5569327]"
1287,"[1082185, 981760, 995785, 885290, 925862]"
1288,"[883404, 1098066, 826249, 1082185, 981760]"
1289,"[1085604, 1092026, 5568378, 8090521, 883404]"
1290,"[981760, 1106523, 1133018, 1082185, 1068719]"
1291,"[981760, 1082185, 994928, 923746, 1133018]"
1293,"[1133018, 1043590, 1111839, 969866, 5592931]"
1294,"[1082185, 1127831, 961554, 916122, 866211]"
1295,"[5568378, 1101173, 907631, 1053763, 830887]"
1296,"[1082185, 981760, 995785, 840361, 995242]"
1297,"[1041259, 987838, 1028816, 848071, 1137688]"
1298,"[1098066, 826249, 883404, 1029743, 859075]"
1299,"[1082185, 6534178, 981760, 1071939, 995242]"
1300,"[1082185, 961554, 981760, 1127831, 6534178]"
1303,"[1082185, 961554, 916122, 1127831, 866211]"
1304,"[969866, 1037863, 1133018, 972143, 1106523]"
1305,"[5568378, 907631, 1029743, 1101173, 8090521]"
1306,"[1106523, 1044078, 1133018, 883404, 1053763]"
1307,"[1058997, 5585635, 862349, 916993, 5584007]"
1310,"[6534178, 1071939, 908531, 1082185, 5585639]"
1312,"[1082185, 866211, 916122, 981760, 1029743]"
1313,"[1082185, 981760, 1098066, 826249, 1029743]"
1314,"[1082185, 981760, 1127831, 961554, 840361]"
1316,"[1098066, 826249, 1029743, 883404, 5568378]"
1317,"[883404, 1085604, 826249, 1092026, 1098066]"
1318,"[986947, 1082185, 872137, 6391381, 878996]"
1319,"[1082185, 962568, 981760, 995785, 961554]"
1321,"[1133018, 1044078, 1106523, 883404, 1043590]"
1325,"[1082185, 962568, 854852, 1119051, 995785]"
1326,"[883404, 1098066, 1044078, 826249, 981760]"
1328,"[969866, 1133018, 1127758, 912681, 1043590]"
1329,"[1082185, 995785, 854852, 1022254, 878996]"
1330,"[1098066, 826249, 1029743, 883404, 5568378]"
1331,"[994928, 1082185, 981760, 923746, 849843]"
1332,"[1082185, 1037863, 995785, 981760, 845208]"
1333,"[892531, 1115175, 1082185, 5568729, 916122]"
1334,"[883404, 1044078, 1096036, 1092026, 1085604]"
1335,"[1058997, 862349, 1126899, 951412, 7024990]"
1336,"[1082185, 981760, 1098066, 995242, 826249]"
1337,"[826249, 1098066, 1029743, 1082185, 859075]"
1338,"[994928, 883404, 1096036, 1118533, 8205218]"
1340,"[994928, 1037863, 845208, 981760, 923746]"
1342,"[1082185, 1127831, 961554, 854852, 878996]"
1343,"[883404, 1044078, 1085604, 1053763, 1106523]"
1344,"[1082185, 981760, 1098066, 995242, 840361]"
1346,"[1082185, 1127831, 1058997, 961554, 901062]"
1347,"[1029743, 5568378, 826249, 1085604, 1098066]"
1350,"[1106523, 1133018, 1044078, 1068719, 985119]"
1351,"[994928, 1096036, 1118533, 1023958, 849843]"
1352,"[1058997, 1082185, 1127831, 862349, 961554]"
1353,"[1082185, 981760, 883404, 995242, 994928]"
1354,"[1082185, 981760, 995242, 1098066, 826249]"
1355,"[1037863, 969866, 845208, 871611, 912681]"
1356,"[1082185, 961554, 962568, 1058997, 1127831]"
1357,"[5585727, 5584620, 5582789, 5585639, 5585635]"
1358,"[826249, 1098066, 883404, 1029743, 5568378]"
1359,"[1082185, 1037863, 981760, 995785, 845208]"
1360,"[1082185, 1029743, 6534178, 826249, 1098066]"
1361,"[961554, 1082185, 1127831, 1126899, 5569471]"
1362,"[1028816, 6391381, 1041259, 848071, 986947]"
1363,"[1082185, 1029743, 826249, 1098066, 981760]"
1364,"[1082185, 995785, 981760, 854852, 878996]"
1366,"[994928, 849843, 1082185, 839849, 927191]"
1367,"[1082185, 961554, 1127831, 981760, 6534178]"
1368,"[1082185, 995785, 878996, 1127831, 981760]"
1369,"[1082185, 854852, 1041259, 1137688, 7024990]"
1370,"[1037863, 981760, 845208, 1082185, 994928]"
1373,"[1058997, 961554, 1126899, 1127831, 1082185]"
1374,"[1037863, 969866, 1133018, 845208, 981760]"
1375,"[1082185, 854852, 962568, 995785, 860776]"
1376,"[1082185, 981760, 995785, 840361, 995242]"
1378,"[1058997, 5585635, 5569471, 5584007, 5588666]"
1379,"[1082185, 981760, 840361, 961554, 995242]"
1380,"[1082185, 1022254, 854852, 1041259, 995785]"
1381,"[1082185, 981760, 1037863, 995785, 1106523]"
1382,"[1082185, 866211, 951590, 916122, 981760]"
1383,"[5569471, 1126899, 1058997, 862349, 961554]"
1384,"[994928, 1133018, 981760, 923746, 1082185]"
1385,"[1133018, 1106523, 1044078, 883404, 1043590]"
1387,"[972143, 6979089, 925862, 9296804, 1037863]"
1388,"[1029743, 5568378, 1110244, 907631, 1101173]"
1389,"[1082185, 1127831, 866211, 916122, 961554]"
1390,"[1082185, 981760, 995242, 840361, 995785]"
1391,"[1082185, 962568, 981760, 995785, 854852]"
1393,"[1082185, 1127831, 854852, 878996, 901062]"
1394,"[1082185, 854852, 1127831, 878996, 1041259]"
1395,"[1037863, 981760, 1082185, 845208, 994928]"
1397,"[1106523, 981760, 951590, 1133018, 1068719]"
1398,"[6534178, 908531, 826249, 1029743, 859075]"
1399,"[1082185, 854852, 1127831, 962568, 995785]"
1401,"[994928, 849843, 923746, 1023958, 981760]"
1402,"[1037863, 1022254, 1082185, 995785, 845208]"
1403,"[1098066, 826249, 1082185, 1029743, 981760]"
1405,"[1082185, 6534178, 961554, 995242, 840361]"
1406,"[1082185, 1029743, 826249, 1098066, 995242]"
1408,"[883404, 1085604, 826249, 5568378, 1098066]"
1409,"[1082185, 995785, 981760, 854852, 1037863]"
1410,"[1082185, 962568, 961554, 981760, 1127831]"
1412,"[951590, 1082185, 1029743, 1101173, 902172]"
1413,"[969866, 1127758, 912681, 1043006, 1111839]"
1414,"[5585727, 5584620, 5585639, 5582789, 5585635]"
1417,"[883404, 1096036, 994928, 1118533, 1038217]"
1418,"[1082185, 854852, 995785, 1127831, 962568]"
1419,"[883404, 994928, 1096036, 1044078, 981760]"
1421,"[826249, 1098066, 1082185, 1029743, 995242]"
1423,"[1037863, 981760, 1082185, 969866, 1133018]"
1425,"[826249, 1098066, 1029743, 883404, 908531]"
1426,"[951590, 1082185, 1029743, 1101173, 1098066]"
1427,"[1106523, 981760, 951590, 1082185, 1068719]"
1428,"[1098066, 826249, 1082185, 1029743, 981760]"
1429,"[5585639, 5585727, 839849, 916767, 5584620]"
1430,"[1082185, 981760, 995785, 840361, 854852]"
1431,"[1082185, 981760, 995785, 878996, 854852]"
1434,"[1082185, 6534178, 961554, 5569471, 840361]"
1437,"[883404, 1098066, 826249, 1044078, 981760]"
1440,"[883404, 1044078, 1096036, 1098066, 1133018]"
1443,"[1082185, 1127831, 854852, 901062, 1058997]"
1445,"[1082185, 981760, 1127831, 995785, 840361]"
1447,"[1101173, 843304, 1095040, 951590, 890455]"
1450,"[994928, 1023958, 849843, 923746, 1096036]"
1451,"[1082185, 961554, 6534178, 1127831, 916122]"
1452,"[883404, 1096036, 994928, 1118533, 1038217]"
1453,"[1082185, 1127831, 961554, 916122, 866211]"
1454,"[1082185, 1127831, 961554, 854852, 962568]"
1457,"[1106523, 1133018, 969866, 972143, 910673]"
1458,"[1082185, 995785, 854852, 962568, 981760]"
1459,"[1082185, 951590, 981760, 885290, 925862]"
1461,"[981760, 994928, 1133018, 1082185, 923746]"
1462,"[1082185, 1127831, 961554, 901062, 986947]"
1463,"[994928, 1082185, 849843, 1071939, 927191]"
1464,"[1082185, 981760, 994928, 923746, 995242]"
1465,"[1082185, 1127831, 961554, 878996, 866211]"
1466,"[1029743, 1082185, 826249, 6534178, 5568378]"
1467,"[1085604, 1092026, 883404, 908531, 8090521]"
1470,"[1082185, 981760, 866211, 951590, 916122]"
1471,"[5569471, 6534178, 5584620, 5585727, 5585639]"
1473,"[1082185, 1127831, 961554, 1058997, 1126899]"
1474,"[1098066, 826249, 1106523, 883404, 1029743]"
1475,"[1082185, 1127831, 961554, 981760, 995785]"
1476,"[1041259, 1137688, 1028816, 986947, 7024990]"
1479,"[883404, 908531, 1092026, 1085604, 826249]"
1480,"[839849, 1019637, 916767, 1031492, 1034499]"
1481,"[1082185, 981760, 1098066, 951590, 1106523]"
1483,"[883404, 1098066, 1044078, 826249, 1096036]"
1484,"[1082185, 961554, 1127831, 962568, 854852]"
1485,"[1082185, 961554, 5569471, 6534178, 1127831]"
1487,"[1029743, 826249, 1098066, 5568378, 1082185]"
1488,"[883404, 826249, 1085604, 1098066, 1092026]"
1489,"[826249, 1098066, 1029743, 883404, 5568378]"
1490,"[1082185, 981760, 1037863, 995785, 845208]"
1491,"[1082185, 995785, 878996, 1127831, 854852]"
1492,"[1037863, 845208, 1082185, 981760, 995785]"
1493,"[883404, 826249, 1092026, 908531, 1085604]"
1494,"[1037863, 969866, 981760, 845208, 1082185]"
1495,"[1037863, 969866, 845208, 912681, 1127758]"
1499,"[1082185, 1127831, 854852, 878996, 995785]"
1500,"[1106523, 981760, 1082185, 1133018, 1098066]"
1501,"[1082185, 854852, 1127831, 878996, 1041259]"
1502,"[5569471, 961554, 1082185, 6534178, 1126899]"
1506,"[1037863, 1133018, 981760, 969866, 994928]"
1507,"[1082185, 981760, 995785, 840361, 995242]"
1508,"[1082185, 854852, 995785, 878996, 860776]"
1509,"[1082185, 1127831, 961554, 916122, 866211]"
1510,"[1082185, 981760, 840361, 995785, 995242]"
1511,"[1029743, 5568378, 826249, 1098066, 5569327]"
1512,"[1110244, 1029743, 5569327, 5568378, 885697]"
1513,"[1029743, 826249, 5568378, 1098066, 859075]"
1514,"[1126899, 1058997, 961554, 5569471, 1127831]"
1515,"[1082185, 981760, 866211, 916122, 995242]"
1517,"[1082185, 981760, 6534178, 995242, 840361]"
1518,"[1037863, 969866, 981760, 1133018, 845208]"
1519,"[1082185, 961554, 1127831, 1058997, 1126899]"
1520,"[1082185, 961554, 981760, 1127831, 6534178]"
1521,"[981760, 1082185, 1133018, 1106523, 1037863]"
1523,"[994928, 1096036, 849843, 1071939, 883404]"
1524,"[1058997, 5569471, 5585635, 5588666, 5584007]"
1525,"[1133018, 994928, 1044078, 883404, 5592931]"
1526,"[994928, 839849, 849843, 1023958, 1034499]"
1527,"[1082185, 6534178, 995242, 826249, 981760]"
1528,"[1082185, 826249, 1098066, 6534178, 995242]"
1529,"[1082185, 981760, 1029743, 1098066, 826249]"
1530,"[7024990, 944836, 901062, 1137688, 986947]"
1531,"[5569471, 961554, 6534178, 1082185, 1058997]"
1532,"[1082185, 1127831, 1058997, 961554, 854852]"
1533,"[5584620, 5582789, 5585727, 899580, 5585639]"
1534,"[5569471, 6534178, 961554, 893501, 1082185]"
1535,"[1106523, 1133018, 1044078, 1068719, 951590]"
1536,"[1029743, 826249, 6534178, 859075, 1098066]"
1537,"[5568378, 1085604, 883404, 1098066, 1092026]"
1539,"[1101173, 951590, 902172, 1095040, 5568378]"
1540,"[883404, 1044078, 844165, 1098066, 1092026]"
1541,"[892531, 961554, 1082185, 916122, 5568729]"
1542,"[1082185, 981760, 994928, 923746, 849843]"
1543,"[883404, 981760, 1082185, 994928, 1098066]"
1545,"[1082185, 981760, 840361, 1127831, 995785]"
1546,"[883404, 1098066, 1044078, 826249, 981760]"
1547,"[1082185, 1058997, 962568, 862349, 961554]"
1548,"[826249, 1098066, 1029743, 1082185, 5568378]"
1549,"[1037863, 969866, 994928, 845208, 1043006]"
1550,"[1133018, 5592931, 1043590, 1044078, 1132770]"
1552,"[1082185, 846550, 1115175, 1002771, 892531]"
1553,"[1113588, 1132770, 883404, 5592931, 1015247]"
1555,"[883404, 1096036, 826249, 1098066, 1044078]"
1556,"[1082185, 981760, 962568, 840361, 6534178]"
1557,"[1082185, 986947, 854852, 878996, 1041259]"
1558,"[1082185, 981760, 1127831, 866211, 916122]"
1559,"[1082185, 866211, 916122, 1029743, 981760]"
1560,"[981760, 1082185, 994928, 1133018, 923746]"
1563,"[1082185, 854852, 1127831, 962568, 961554]"
1564,"[1133018, 981760, 1106523, 1044078, 1068719]"
1566,"[1082185, 981760, 995785, 866211, 840361]"
1567,"[969866, 1037863, 912681, 972143, 1127758]"
1568,"[1082185, 981760, 994928, 995785, 845208]"
1569,"[1133018, 969866, 1106523, 1037863, 981760]"
1570,"[1082185, 995785, 981760, 854852, 1037863]"
1571,"[1082185, 961554, 916122, 1127831, 866211]"
1572,"[1082185, 1127831, 961554, 916122, 866211]"
1575,"[962568, 1119051, 854852, 1082185, 862349]"
1576,"[1037863, 845208, 969866, 871611, 984715]"
1577,"[1029743, 826249, 1098066, 5568378, 859075]"
1578,"[826249, 1098066, 1029743, 1082185, 5568378]"
1579,"[1082185, 981760, 840361, 995785, 995242]"
1580,"[994928, 1133018, 5592931, 1044078, 883404]"
1581,"[1082185, 961554, 6534178, 962568, 1127831]"
1584,"[1082185, 866211, 916122, 1127831, 961554]"
1585,"[961554, 1082185, 1058997, 1127831, 5569471]"
1587,"[883404, 1098066, 826249, 981760, 1044078]"
1588,"[1082185, 1127831, 901062, 854852, 1058997]"
1590,"[1082185, 1127831, 866211, 981760, 916122]"
1591,"[1082185, 961554, 1127831, 916122, 866211]"
1592,"[5569471, 961554, 1058997, 1126899, 1082185]"
1593,"[1082185, 981760, 866211, 1127831, 916122]"
1594,"[1106523, 1133018, 1044078, 1033615, 985119]"
1595,"[1082185, 6534178, 995242, 981760, 826249]"
1596,"[1082185, 1127831, 961554, 866211, 916122]"
1598,"[1082185, 981760, 1098066, 826249, 995242]"
1599,"[883404, 1044078, 1133018, 1106523, 1098066]"
1600,"[1133018, 1111839, 1033615, 1043590, 985119]"
1602,"[1082185, 1127831, 961554, 854852, 878996]"
1604,"[1098066, 1106523, 951590, 981760, 1082185]"
1607,"[5569471, 6534178, 893501, 961554, 1029743]"
1608,"[1082185, 6534178, 962568, 961554, 5585727]"
1609,"[892531, 1082185, 1115175, 5568729, 916122]"
1611,"[826249, 1098066, 883404, 1029743, 859075]"
1612,"[1082185, 1127831, 961554, 901062, 916122]"
1614,"[1037863, 926065, 1022254, 987838, 1026118]"
1618,"[1127831, 901062, 1082185, 944836, 970030]"
1619,"[1082185, 995785, 854852, 1022254, 1026118]"
1620,"[883404, 1096036, 1044078, 994928, 1133018]"
1621,"[5568378, 1098066, 883404, 826249, 1029743]"
1622,"[5585735, 5585635, 5585727, 5585639, 5584007]"
1623,"[1106523, 1133018, 969866, 972143, 981760]"
1624,"[1037863, 969866, 912681, 845208, 1127758]"
1627,"[1037863, 1082185, 995785, 845208, 1022254]"
1628,"[1082185, 961554, 1127831, 916122, 866211]"
1630,"[1037863, 1082185, 981760, 845208, 994928]"
1631,"[883404, 1085604, 1092026, 908531, 826249]"
1632,"[1058997, 1082185, 862349, 961554, 1127831]"
1633,"[1082185, 981760, 840361, 995785, 1127831]"
1634,"[883404, 826249, 1098066, 1085604, 1092026]"
1636,"[1110244, 1085604, 901543, 885697, 921345]"
1637,"[6534178, 5569471, 1082185, 893501, 908531]"
1638,"[962568, 5587837, 1082185, 5585735, 954642]"
1640,"[5568378, 1098066, 1029743, 826249, 1085604]"
1641,"[1082185, 6534178, 961554, 981760, 840361]"
1642,"[1037863, 1082185, 995785, 845208, 1022254]"
1643,"[1085604, 883404, 1092026, 826249, 5568378]"
1644,"[1082185, 981760, 1098066, 951590, 826249]"
1645,"[1082185, 962568, 854852, 1058997, 862349]"
1646,"[1082185, 854852, 1127831, 962568, 995785]"
1647,"[1082185, 981760, 995785, 840361, 878996]"
1648,"[1082185, 981760, 883404, 1098066, 995242]"
1649,"[848071, 1022254, 987838, 1041259, 1028816]"
1650,"[1082185, 854852, 1119051, 1041259, 962568]"
1651,"[1058997, 1119051, 951412, 7024990, 862349]"
1652,"[1110244, 1029743, 5568378, 5569327, 8090521]"
1653,"[1082185, 981760, 995242, 840361, 994928]"
1654,"[5569471, 961554, 1126899, 6534178, 1027569]"
1657,"[883404, 981760, 1098066, 1082185, 826249]"
1658,"[1082185, 885290, 925862, 986947, 872137]"
1659,"[1082185, 962568, 995785, 854852, 860776]"
1660,"[1133018, 1044078, 1106523, 883404, 1043590]"
1662,"[1082185, 1127831, 961554, 854852, 1058997]"
1663,"[908531, 883404, 826249, 859075, 1029743]"
1664,"[1082185, 1098066, 981760, 883404, 826249]"
1665,"[1133018, 1043590, 5592931, 1044078, 1111839]"
1666,"[1106523, 1133018, 981760, 1068719, 1044078]"
1668,"[1082185, 962568, 961554, 1127831, 1058997]"
1669,"[944836, 986947, 901062, 872137, 1127831]"
1672,"[883404, 1133018, 1044078, 5592931, 994928]"
1673,"[981760, 883404, 1082185, 1098066, 994928]"
1676,"[1041259, 1137688, 1028816, 986947, 1082185]"
1677,"[1082185, 916122, 866211, 1029743, 1127831]"
1680,"[1029743, 1082185, 826249, 1098066, 5568378]"
1683,"[1082185, 1127831, 962568, 961554, 854852]"
1684,"[5568378, 1110244, 907631, 1085604, 8090521]"
1685,"[5585727, 5585639, 5584620, 5582789, 5584007]"
1686,"[994928, 849843, 1071939, 1096036, 927191]"
1687,"[1082185, 1127831, 854852, 878996, 995785]"
1688,"[883404, 1044078, 1098066, 826249, 1096036]"
1689,"[994928, 1023958, 849843, 923746, 1096036]"
1690,"[1106523, 1133018, 972143, 969866, 910673]"
1692,"[883404, 1096036, 1044078, 1098066, 826249]"
1693,"[1082185, 995785, 854852, 981760, 1127831]"
1694,"[883404, 1098066, 981760, 826249, 1082185]"
1695,"[994928, 849843, 1096036, 1082185, 923746]"
1696,"[1127831, 1082185, 944836, 986947, 901062]"
1697,"[5568378, 907631, 1029743, 1101173, 8090521]"
1698,"[1133018, 994928, 1044078, 883404, 5592931]"
1699,"[1029743, 1098066, 826249, 1082185, 5568378]"
1700,"[1106523, 1044078, 1133018, 883404, 1043590]"
1701,"[1082185, 961554, 1127831, 981760, 840361]"
1703,"[1106523, 1044078, 1133018, 951590, 1053763]"
1704,"[883404, 1092026, 1085604, 1096036, 908531]"
1705,"[883404, 1044078, 1098066, 1133018, 981760]"
1706,"[883404, 908531, 826249, 1098066, 859075]"
1707,"[1029743, 5568378, 826249, 8090521, 5569327]"
1708,"[1082185, 981760, 1037863, 995785, 1133018]"
1709,"[826249, 1098066, 1029743, 1082185, 883404]"
1710,"[1126899, 961554, 5569471, 1127831, 1058997]"
1712,"[1082185, 981760, 995785, 866211, 878996]"
1713,"[972143, 1106523, 969866, 1037863, 1133018]"
1715,"[1058997, 1082185, 1119051, 862349, 854852]"
1716,"[1098066, 883404, 826249, 1029743, 1044078]"
1717,"[1082185, 962568, 995785, 854852, 860776]"
1718,"[1082185, 981760, 995785, 840361, 995242]"
1719,"[1082185, 866211, 981760, 916122, 1127831]"
1720,"[1082185, 961554, 1127831, 916122, 892531]"
1721,"[1133018, 969866, 1037863, 1106523, 1127758]"
1722,"[1082185, 962568, 961554, 6534178, 5585635]"
1723,"[1037863, 1022254, 987838, 926065, 848071]"
1724,"[1082185, 1127831, 961554, 866211, 916122]"
1726,"[7024990, 1137688, 1041259, 1119051, 901062]"
1728,"[1029743, 1082185, 826249, 1098066, 5568378]"
1729,"[1082185, 981760, 995242, 840361, 994928]"
1730,"[839849, 1071939, 916767, 1096036, 1034499]"
1731,"[883404, 1098066, 1106523, 1044078, 826249]"
1732,"[1082185, 981760, 995785, 866211, 878996]"
1733,"[981760, 1133018, 1082185, 1106523, 994928]"
1734,"[1082185, 981760, 885290, 925862, 995785]"
1735,"[1082185, 981760, 1098066, 826249, 1029743]"
1737,"[5585735, 5585635, 5585727, 5588942, 5584007]"
1738,"[883404, 1096036, 1044078, 1038217, 994928]"
1739,"[883404, 1106523, 1044078, 1098066, 1133018]"
1740,"[1082185, 962568, 961554, 1127831, 854852]"
1742,"[839849, 994928, 1034499, 916767, 1096036]"
1743,"[1082185, 826249, 1098066, 883404, 995242]"
1745,"[1133018, 1106523, 1043590, 969866, 1044078]"
1747,"[994928, 1082185, 981760, 849843, 923746]"
1748,"[1098066, 826249, 883404, 1029743, 5568378]"
1749,"[1127831, 1082185, 961554, 1058997, 1126899]"
1750,"[1082185, 1127831, 916122, 961554, 866211]"
1751,"[1029743, 826249, 1098066, 5568378, 8090521]"
1752,"[1106523, 1044078, 1133018, 883404, 1053763]"
1753,"[883404, 1085604, 1092026, 908531, 826249]"
1754,"[883404, 1044078, 1098066, 1106523, 1133018]"
1755,"[1082185, 981760, 866211, 916122, 1127831]"
1756,"[1082185, 981760, 995242, 840361, 826249]"
1758,"[1082185, 981760, 995242, 840361, 1098066]"
1759,"[1071939, 6534178, 908531, 5585639, 5585727]"
1760,"[1082185, 981760, 994928, 923746, 995242]"
1761,"[1037863, 845208, 1082185, 969866, 981760]"
1762,"[826249, 1098066, 883404, 1029743, 859075]"
1763,"[1037863, 969866, 972143, 981760, 6979089]"
1764,"[1082185, 1127831, 961554, 916122, 866211]"
1765,"[1098066, 883404, 826249, 1029743, 5568378]"
1766,"[1133018, 1106523, 1044078, 883404, 1043590]"
1767,"[883404, 1044078, 1098066, 1133018, 826249]"
1768,"[962568, 1082185, 1037863, 900802, 854852]"
1769,"[1082185, 1037863, 995785, 981760, 1022254]"
1770,"[1082185, 995785, 981760, 854852, 878996]"
1773,"[1058997, 1126899, 961554, 5569471, 862349]"
1774,"[951590, 1101173, 902172, 5568378, 965766]"
1775,"[892531, 1082185, 961554, 1115175, 916122]"
1776,"[1082185, 995785, 962568, 854852, 1037863]"
1778,"[951590, 1101173, 965766, 1029743, 1098066]"
1779,"[1082185, 995785, 981760, 1037863, 854852]"
1780,"[1106523, 951590, 972143, 1135681, 965766]"
1781,"[1082185, 854852, 1022254, 1041259, 995785]"
1783,"[1126899, 5569471, 1058997, 961554, 909714]"
1784,"[1082185, 1127831, 981760, 995785, 961554]"
1785,"[1082185, 1127831, 961554, 878996, 854852]"
1787,"[1133018, 981760, 994928, 1044078, 1106523]"
1788,"[1137688, 1041259, 7024990, 1028816, 908846]"
1789,"[1106523, 972143, 969866, 910673, 1133018]"
1790,"[1082185, 995785, 981760, 878996, 854852]"
1791,"[1082185, 994928, 845208, 981760, 1037863]"
1792,"[908531, 1029743, 1085604, 859075, 5569327]"
1793,"[1106523, 951590, 965766, 1068719, 972143]"
1794,"[1029743, 5568378, 1098066, 826249, 1101173]"
1795,"[6534178, 5569471, 893501, 1029743, 908531]"
1796,"[5568378, 1101173, 907631, 1085604, 8090521]"
1797,"[1082185, 995785, 854852, 1022254, 878996]"
1798,"[1082185, 961554, 1058997, 5569471, 1127831]"
1800,"[1082185, 854852, 962568, 995785, 860776]"
1801,"[883404, 1098066, 1044078, 981760, 826249]"
1802,"[846550, 943393, 1115175, 1002771, 885290]"
1803,"[908531, 883404, 859075, 826249, 1071939]"
1804,"[1082185, 981760, 995785, 840361, 995242]"
1805,"[5569471, 893501, 1093966, 6534178, 1404121]"
1806,"[826249, 1082185, 1098066, 883404, 995242]"
1807,"[1082185, 1127831, 961554, 995785, 854852]"
1808,"[1082185, 961554, 981760, 6534178, 1127831]"
1809,"[5585727, 5584620, 5585639, 5582789, 5590287]"
1810,"[994928, 1082185, 849843, 1071939, 923746]"
1811,"[1133018, 994928, 5592931, 1043590, 8205218]"
1812,"[981760, 1133018, 994928, 1082185, 923746]"
1814,"[981760, 1082185, 1098066, 1133018, 883404]"
1815,"[1082185, 981760, 840361, 995242, 916122]"
1816,"[908531, 964327, 1097001, 906502, 966891]"
1817,"[1037863, 969866, 972143, 6979089, 912681]"
1818,"[994928, 1133018, 923746, 1044078, 981760]"
1821,"[1082185, 981760, 1098066, 826249, 1029743]"
1822,"[1133018, 1106523, 981760, 1044078, 1068719]"
1823,"[1082185, 961554, 1058997, 1127831, 962568]"
1824,"[1082185, 1127831, 961554, 854852, 995785]"
1826,"[883404, 1085604, 1092026, 1044078, 1080414]"
1829,"[1082185, 995785, 1022254, 854852, 878996]"
1831,"[1082185, 1127831, 854852, 878996, 995785]"
1832,"[1082185, 962568, 981760, 995785, 854852]"
1833,"[1098066, 1029743, 826249, 1082185, 5568378]"
1835,"[1082185, 1127831, 866211, 986947, 872137]"
1836,"[1127831, 1082185, 961554, 1126899, 901062]"
1837,"[1082185, 1127831, 961554, 1058997, 901062]"
1838,"[994928, 849843, 1096036, 1023958, 923746]"
1839,"[1053763, 900491, 982469, 951526, 1101173]"
1841,"[1082185, 1022254, 995785, 854852, 1026118]"
1843,"[1101173, 5568378, 951590, 907631, 1095040]"
1844,"[1082185, 854852, 1022254, 995785, 1041259]"
1845,"[1082185, 916122, 866211, 1127831, 892531]"
1846,"[1082185, 981760, 995242, 1098066, 826249]"
1847,"[1082185, 981760, 916122, 866211, 1127831]"
1848,"[1082185, 1127831, 961554, 916122, 866211]"
1849,"[994928, 981760, 1082185, 923746, 849843]"
1850,"[1082185, 854852, 1127831, 878996, 1041259]"
1853,"[1110244, 5568378, 1029743, 8090521, 5569327]"
1854,"[1082185, 854852, 962568, 995785, 860776]"
1856,"[1082185, 981760, 995242, 840361, 826249]"
1857,"[883404, 5568378, 1085604, 1098066, 826249]"
1858,"[1082185, 1127831, 961554, 901062, 1126899]"
1861,"[1106523, 1133018, 1044078, 1068719, 883404]"
1862,"[1082185, 854852, 1127831, 878996, 860776]"
1864,"[1082185, 1127831, 878996, 986947, 854852]"
1865,"[986947, 6391381, 872137, 1028816, 1041259]"
1867,"[1082185, 6534178, 908531, 826249, 995242]"
1868,"[1133018, 1043590, 969866, 1111839, 1106523]"
1869,"[1082185, 6534178, 961554, 981760, 840361]"
1871,"[1137688, 7024990, 1041259, 1028816, 1119051]"
1872,"[1126899, 5569471, 1058997, 961554, 862349]"
1873,"[5568378, 1098066, 826249, 1029743, 883404]"
1876,"[883404, 1113588, 1015247, 1044078, 999971]"
1877,"[883404, 5568378, 1098066, 1085604, 826249]"
1879,"[1082185, 1037863, 995785, 981760, 1022254]"
1880,"[883404, 1133018, 1044078, 5592931, 999971]"
1881,"[1082185, 1127831, 961554, 866211, 916122]"
1882,"[846550, 902172, 951590, 885290, 1082185]"
1883,"[1085604, 5568378, 883404, 826249, 1098066]"
1884,"[5569471, 893501, 6534178, 5584620, 908531]"
1885,"[5569471, 961554, 1126899, 1082185, 1127831]"
1886,"[5568378, 1101173, 951590, 1053763, 1106523]"
1887,"[1082185, 962568, 854852, 995785, 860776]"
1889,"[1082185, 981760, 866211, 1127831, 916122]"
1890,"[1028816, 1041259, 1137688, 986947, 848071]"
1891,"[5569471, 1126899, 1048068, 1404121, 893501]"
1892,"[1106523, 981760, 1133018, 1098066, 1044078]"
1895,"[994928, 883404, 923746, 1096036, 981760]"
1896,"[1082185, 981760, 995785, 962568, 1127831]"
1898,"[5587837, 5585735, 5585635, 5588942, 5583944]"
1899,"[1098066, 826249, 1029743, 5568378, 1082185]"
1900,"[1082185, 1127831, 986947, 878996, 901062]"
1901,"[981760, 1082185, 1106523, 1133018, 1068719]"
1903,"[883404, 1085604, 1092026, 826249, 1098066]"
1904,"[1082185, 981760, 994928, 845208, 1037863]"
1906,"[1082185, 6534178, 961554, 5585727, 5585639]"
1907,"[1082185, 981760, 995785, 854852, 962568]"
1909,"[1053763, 951526, 1106523, 883404, 900491]"
1911,"[1071939, 5585639, 5585727, 896369, 839849]"
1912,"[1071939, 883404, 908531, 1096036, 1082185]"
1914,"[5569471, 5584620, 893501, 1126899, 5588666]"
1916,"[1106523, 981760, 951590, 1082185, 972143]"
1917,"[1082185, 981760, 995785, 840361, 854852]"
1918,"[1082185, 961554, 6534178, 1127831, 916122]"
1919,"[883404, 994928, 1096036, 1044078, 923746]"
1920,"[1041259, 1028816, 987838, 1137688, 848071]"
1922,"[1082185, 961554, 1127831, 1058997, 962568]"
1923,"[1058997, 1126899, 901062, 7024990, 1127831]"
1924,"[883404, 826249, 1098066, 908531, 859075]"
1925,"[1082185, 1037863, 981760, 995785, 878996]"
1926,"[1082185, 995785, 854852, 1022254, 1037863]"
1927,"[1106523, 1133018, 1044078, 883404, 1068719]"
1928,"[1029743, 826249, 5568378, 5569327, 1098066]"
1929,"[951590, 1082185, 1098066, 1029743, 981760]"
1930,"[1029743, 1098066, 826249, 5568378, 883404]"
1931,"[1037863, 994928, 1133018, 845208, 969866]"
1932,"[1029743, 6534178, 5569471, 1082185, 916122]"
1935,"[5569471, 1126899, 1058997, 970119, 5585635]"
1936,"[826249, 1098066, 883404, 1029743, 5568378]"
1937,"[1082185, 981760, 962568, 961554, 995785]"
1939,"[1082185, 826249, 1098066, 883404, 1029743]"
1940,"[1037863, 1022254, 1026118, 987838, 1051516]"
1941,"[883404, 1118533, 1015247, 882441, 999971]"
1942,"[1082185, 981760, 995242, 840361, 1098066]"
1943,"[883404, 1085604, 1044078, 1092026, 1098066]"
1944,"[1082185, 1058997, 1127831, 961554, 901062]"
1945,"[1082185, 916122, 892531, 961554, 866211]"
1946,"[1082185, 981760, 840361, 995785, 995242]"
1947,"[1082185, 916122, 866211, 1127831, 961554]"
1948,"[962568, 1082185, 5587837, 900802, 954642]"
1949,"[969866, 1037863, 1127758, 1133018, 912681]"
1950,"[1098066, 981760, 826249, 1082185, 1106523]"
1951,"[1082185, 961554, 1127831, 916122, 6534178]"
1952,"[883404, 1096036, 1038217, 994928, 908531]"
1953,"[1082185, 995785, 854852, 1022254, 1026118]"
1954,"[1037863, 969866, 912681, 1127758, 1043006]"
1955,"[951590, 1101173, 1029743, 902172, 965766]"
1956,"[1029743, 1082185, 6534178, 826249, 1098066]"
1957,"[1082185, 1029743, 826249, 1098066, 981760]"
1958,"[1082185, 5585727, 5585635, 5585639, 5584007]"
1959,"[1082185, 981760, 994928, 962568, 995242]"
1960,"[1082185, 981760, 1098066, 995242, 826249]"
1961,"[883404, 1098066, 1044078, 826249, 1096036]"
1962,"[1082185, 995785, 854852, 878996, 1127831]"
1963,"[5569471, 6534178, 961554, 893501, 1082185]"
1964,"[1082185, 995785, 981760, 962568, 854852]"
1965,"[1029743, 5568378, 1110244, 5569327, 885697]"
1966,"[1082185, 961554, 1127831, 962568, 995785]"
1967,"[994928, 1082185, 849843, 1071939, 981760]"
1968,"[1082185, 995785, 981760, 854852, 1037863]"
1969,"[883404, 1096036, 1044078, 1118533, 1092026]"
1970,"[1106523, 1044078, 883404, 1133018, 1033615]"
1971,"[1082185, 1029743, 981760, 1098066, 826249]"
1975,"[1082185, 961554, 5569471, 1127831, 1126899]"
1976,"[883404, 1096036, 826249, 908531, 1098066]"
1978,"[5569471, 6534178, 961554, 893501, 5584620]"
1979,"[1082185, 1041259, 1028816, 1022254, 848071]"
1981,"[1082185, 981760, 995785, 840361, 995242]"
1982,"[1058997, 5585635, 862349, 916993, 5585735]"
1983,"[1029743, 5568378, 1101173, 951590, 1098066]"
1985,"[1082185, 1029743, 916122, 826249, 1098066]"
1987,"[1082185, 981760, 995785, 1037863, 845208]"
1988,"[1082185, 981760, 1098066, 995242, 826249]"
1989,"[1082185, 962568, 981760, 995785, 854852]"
1990,"[1082185, 1127831, 961554, 1126899, 901062]"
1991,"[1085604, 1092026, 883404, 1080414, 8090521]"
1992,"[1082185, 854852, 995785, 1022254, 878996]"
1993,"[883404, 1098066, 826249, 1044078, 1106523]"
1994,"[1082185, 981760, 6534178, 995242, 840361]"
1995,"[1082185, 961554, 1127831, 916122, 866211]"
1996,"[961554, 1082185, 1127831, 1058997, 1126899]"
1997,"[1058997, 1126899, 901062, 862349, 961554]"
1998,"[883404, 1085604, 1092026, 1044078, 844165]"
1999,"[994928, 1037863, 1133018, 845208, 981760]"
2000,"[883404, 1092026, 1085604, 1044078, 1098066]"
2001,"[1082185, 1127831, 981760, 961554, 995785]"
2003,"[1126899, 961554, 909714, 1127831, 892531]"
2004,"[1082185, 951590, 1029743, 1101173, 902172]"
2005,"[1133018, 1106523, 981760, 969866, 1044078]"
2006,"[1082185, 6534178, 961554, 962568, 5569471]"
2007,"[1082185, 866211, 981760, 916122, 1127831]"
2008,"[1029743, 5568378, 1110244, 885697, 1101173]"
2010,"[1106523, 1133018, 1044078, 1033615, 985119]"
2011,"[1082185, 5585635, 5585727, 962568, 6534178]"
2012,"[883404, 1044078, 1085604, 1092026, 1098066]"
2014,"[1106523, 1133018, 1044078, 951590, 1053763]"
2015,"[1082185, 981760, 995785, 878996, 854852]"
2016,"[1133018, 1106523, 1044078, 1043590, 1111839]"
2017,"[1082185, 6534178, 962568, 961554, 981760]"
2018,"[1037863, 845208, 1082185, 981760, 994928]"
2019,"[883404, 908531, 1096036, 826249, 1038217]"
2020,"[1082185, 981760, 1037863, 995785, 845208]"
2021,"[969866, 1133018, 1127758, 1037863, 912681]"
2022,"[1082185, 1127831, 961554, 995785, 854852]"
2023,"[5584620, 899580, 5585727, 5582789, 964327]"
2025,"[1082185, 961554, 6534178, 916122, 5569471]"
2026,"[981760, 1082185, 994928, 923746, 883404]"
2027,"[1133018, 1037863, 969866, 981760, 1106523]"
2028,"[5568378, 1029743, 1085604, 8090521, 5569327]"
2029,"[1082185, 951590, 981760, 1106523, 1068719]"
2030,"[5569471, 6534178, 1082185, 5585727, 5584620]"
2031,"[969866, 1127758, 1043006, 912681, 1037863]"
2032,"[826249, 1082185, 1098066, 1029743, 981760]"
2033,"[1082185, 981760, 995785, 1037863, 878996]"
2034,"[1082185, 981760, 962568, 6534178, 840361]"
2036,"[944836, 1126899, 909714, 1127831, 1055425]"
2037,"[1082185, 981760, 995785, 840361, 962568]"
2038,"[1098066, 826249, 883404, 1029743, 5568378]"
2039,"[883404, 1044078, 1096036, 1092026, 1098066]"
2040,"[5568378, 907631, 1101173, 1085604, 1110244]"
2041,"[1082185, 981760, 995785, 1127831, 840361]"
2042,"[1082185, 961554, 1127831, 1058997, 901062]"
2043,"[994928, 1096036, 883404, 849843, 923746]"
2046,"[892531, 1126899, 1115175, 5568729, 909714]"
2047,"[1029743, 826249, 5568378, 1098066, 1082185]"
2048,"[1082185, 951590, 981760, 965766, 1098066]"
2049,"[1082185, 1029743, 1098066, 826249, 981760]"
2050,"[883404, 1082185, 981760, 994928, 1098066]"
2055,"[1082185, 995785, 854852, 878996, 981760]"
2056,"[1082185, 1098066, 981760, 826249, 1029743]"
2057,"[1082185, 981760, 995242, 826249, 6534178]"
2058,"[1058997, 1082185, 1127831, 901062, 961554]"
2059,"[994928, 849843, 1023958, 923746, 1034499]"
2060,"[1082185, 981760, 995242, 840361, 916122]"
2062,"[1133018, 994928, 981760, 923746, 1044078]"
2063,"[1037863, 1082185, 995785, 1022254, 1026118]"
2064,"[1082185, 962568, 1127831, 961554, 854852]"
2065,"[1098066, 5568378, 883404, 826249, 1029743]"
2068,"[1082185, 995785, 981760, 854852, 1037863]"
2070,"[883404, 1098066, 826249, 1082185, 981760]"
2071,"[1133018, 969866, 994928, 1037863, 1127758]"
2072,"[994928, 1082185, 981760, 845208, 923746]"
2075,"[883404, 1098066, 826249, 1044078, 981760]"
2076,"[1082185, 1127831, 944836, 872137, 986947]"
2077,"[1022254, 1051516, 987838, 1026118, 1037863]"
2079,"[1037863, 981760, 969866, 1082185, 972143]"
2080,"[5568378, 951590, 1098066, 1029743, 1101173]"
2081,"[883404, 1015247, 1044078, 1113588, 999971]"
2082,"[1082185, 1127831, 961554, 878996, 854852]"
2083,"[1082185, 995785, 981760, 854852, 878996]"
2084,"[1082185, 962568, 1058997, 961554, 862349]"
2085,"[1082185, 981760, 826249, 1098066, 995242]"
2086,"[1082185, 981760, 995785, 962568, 840361]"
2087,"[1082185, 961554, 1127831, 962568, 981760]"
2088,"[1098066, 826249, 883404, 1029743, 1044078]"
2089,"[1082185, 854852, 1041259, 1137688, 1119051]"
2090,"[994928, 1133018, 981760, 1037863, 845208]"
2091,"[1082185, 1127831, 916122, 961554, 866211]"
2094,"[962568, 1082185, 5587837, 5585735, 954642]"
2095,"[1106523, 951590, 1098066, 965766, 1068719]"
2099,"[1037863, 981760, 1082185, 969866, 845208]"
2100,"[994928, 981760, 1037863, 845208, 923746]"
2101,"[883404, 1085604, 1092026, 1044078, 844165]"
2102,"[1082185, 995785, 878996, 986947, 854852]"
2103,"[1037863, 1022254, 1026118, 995785, 1051516]"
2105,"[1133018, 1106523, 1044078, 1043590, 883404]"
2108,"[994928, 849843, 1023958, 923746, 927191]"
2109,"[1106523, 1133018, 1044078, 1043590, 1033615]"
2110,"[1082185, 1127831, 986947, 878996, 872137]"
2111,"[5584620, 5585727, 5585639, 5582789, 5585635]"
2112,"[1082185, 981760, 995785, 854852, 878996]"
2114,"[1082185, 1127831, 854852, 878996, 995785]"
2115,"[1082185, 981760, 916122, 961554, 866211]"
2116,"[1082185, 961554, 1127831, 981760, 962568]"
2119,"[883404, 826249, 1098066, 1029743, 908531]"
2120,"[926065, 1064892, 995852, 1112333, 921288]"
2121,"[1082185, 1127831, 961554, 854852, 962568]"
2122,"[951590, 890455, 1114811, 900391, 1101173]"
2123,"[1082185, 981760, 995785, 840361, 995242]"
2124,"[1082185, 961554, 1127831, 916122, 6534178]"
2125,"[1082185, 1127831, 961554, 916122, 866211]"
2126,"[1082185, 854852, 995785, 1022254, 1041259]"
2129,"[883404, 1098066, 826249, 1044078, 1029743]"
2130,"[1082185, 981760, 995785, 854852, 840361]"
2131,"[1082185, 981760, 995785, 1037863, 878996]"
2132,"[1082185, 995785, 854852, 962568, 1022254]"
2133,"[1082185, 981760, 995785, 840361, 854852]"
2134,"[1082185, 962568, 961554, 854852, 995785]"
2135,"[1022254, 848071, 1041259, 1082185, 1028816]"
2136,"[1058997, 901062, 1127831, 7024990, 1126899]"
2137,"[994928, 1133018, 923746, 1037863, 845208]"
2138,"[883404, 1085604, 1098066, 826249, 1092026]"
2139,"[1029743, 826249, 5568378, 1098066, 1082185]"
2141,"[1029743, 5568378, 826249, 1098066, 5569327]"
2142,"[5568378, 1029743, 1101173, 907631, 1098066]"
2145,"[1127831, 901062, 1082185, 1126899, 961554]"
2146,"[951590, 1101173, 902172, 1029743, 5568378]"
2147,"[1082185, 962568, 995785, 854852, 981760]"
2148,"[1082185, 981760, 1098066, 1133018, 1068719]"
2149,"[1082185, 925862, 1037863, 885290, 981760]"
2151,"[1133018, 1044078, 883404, 1106523, 1043590]"
2153,"[883404, 1085604, 1092026, 1098066, 826249]"
2154,"[1082185, 981760, 995785, 1004906, 1133018]"
2155,"[1082185, 981760, 883404, 994928, 1098066]"
2156,"[1029743, 826249, 1098066, 5568378, 1082185]"
2158,"[1082185, 6534178, 962568, 981760, 961554]"
2159,"[969866, 1037863, 1133018, 1127758, 912681]"
2160,"[1082185, 1037863, 995785, 845208, 854852]"
2161,"[5569471, 1126899, 1048068, 892531, 862010]"
2162,"[1029743, 1082185, 916122, 826249, 1098066]"
2163,"[5584620, 5582789, 5569471, 5585635, 5588666]"
2167,"[1098066, 883404, 1106523, 1044078, 826249]"
2168,"[981760, 1082185, 994928, 923746, 1133018]"
2169,"[1082185, 6534178, 961554, 962568, 981760]"
2170,"[1085604, 1092026, 5568378, 8090521, 883404]"
2171,"[1082185, 878996, 995785, 986947, 1127831]"
2172,"[1082185, 1127831, 961554, 1058997, 901062]"
2173,"[908531, 883404, 826249, 859075, 1098066]"
2174,"[994928, 883404, 1096036, 1038217, 1118533]"
2175,"[1082185, 961554, 6534178, 1127831, 5569471]"
2176,"[883404, 908531, 1085604, 1092026, 1097001]"
2179,"[1082185, 981760, 1037863, 995785, 845208]"
2181,"[1082185, 854852, 1127831, 878996, 860776]"
2182,"[1029743, 1098066, 826249, 5568378, 883404]"
2183,"[1082185, 962568, 854852, 995785, 981760]"
2184,"[1082185, 826249, 995242, 981760, 1098066]"
2185,"[1101173, 902172, 846550, 951590, 1095040]"
2186,"[951590, 1106523, 1082185, 965766, 981760]"
2188,"[1082185, 981760, 1098066, 826249, 995242]"
2189,"[981760, 1106523, 1082185, 1133018, 1068719]"
2190,"[1082185, 981760, 883404, 1098066, 826249]"
2193,"[1082185, 1127831, 961554, 878996, 854852]"
2194,"[1082185, 981760, 961554, 1127831, 840361]"
2195,"[1058997, 862349, 1126899, 961554, 5569471]"
2196,"[1037863, 1082185, 981760, 845208, 995785]"
2197,"[1082185, 981760, 866211, 916122, 1127831]"
2198,"[1082185, 981760, 995242, 6534178, 994928]"
2199,"[1082185, 961554, 5569471, 6534178, 1127831]"
2200,"[1082185, 981760, 951590, 1098066, 1029743]"
2202,"[1082185, 854852, 1127831, 995785, 878996]"
2203,"[1082185, 1127831, 866211, 916122, 961554]"
2204,"[1133018, 994928, 1044078, 883404, 981760]"
2205,"[1082185, 981760, 995785, 994928, 845208]"
2206,"[1029743, 5568378, 1098066, 826249, 8090521]"
2207,"[981760, 1133018, 1106523, 1082185, 1068719]"
2208,"[1082185, 981760, 951590, 1098066, 1106523]"
2209,"[6534178, 1082185, 1029743, 5569471, 826249]"
2211,"[1082185, 961554, 1127831, 1058997, 862349]"
2212,"[883404, 1044078, 1106523, 1133018, 5592931]"
2213,"[1082185, 1058997, 961554, 1127831, 862349]"
2214,"[9881593, 1110244, 865511, 831063, 9526624]"
2215,"[1037863, 1082185, 995785, 1022254, 1026118]"
2217,"[1082185, 962568, 854852, 995785, 860776]"
2221,"[1082185, 962568, 6534178, 981760, 1071939]"
2222,"[1082185, 826249, 1098066, 1029743, 995242]"
2223,"[883404, 1098066, 1044078, 826249, 1106523]"
2224,"[1082185, 981760, 995785, 854852, 1127831]"
2225,"[1058997, 961554, 1082185, 1126899, 1127831]"
2226,"[1082185, 981760, 6534178, 995242, 840361]"
2228,"[981760, 1082185, 883404, 994928, 1098066]"
2229,"[1058997, 862349, 961554, 1126899, 1082185]"
2231,"[1082185, 854852, 1127831, 878996, 995785]"
2233,"[1082185, 1058997, 961554, 1127831, 862349]"
2234,"[1082185, 995785, 1022254, 854852, 1037863]"
2235,"[1082185, 925862, 885290, 981760, 995785]"
2237,"[1082185, 981760, 962568, 995785, 840361]"
2238,"[1133018, 969866, 1106523, 1037863, 1043590]"
2239,"[883404, 1044078, 1098066, 1106523, 826249]"
2240,"[5568378, 1098066, 1029743, 826249, 883404]"
2241,"[826249, 1098066, 1029743, 1082185, 883404]"
2243,"[1082185, 981760, 995785, 854852, 840361]"
2244,"[1133018, 1044078, 883404, 1106523, 1043590]"
2245,"[1082185, 981760, 995785, 866211, 951590]"
2247,"[1106523, 981760, 1133018, 1082185, 1068719]"
2248,"[1098066, 1029743, 5568378, 826249, 883404]"
2250,"[883404, 826249, 1098066, 1029743, 859075]"
2252,"[994928, 1096036, 1071939, 849843, 883404]"
2253,"[883404, 1118533, 1096036, 882441, 1038217]"
2256,"[1082185, 6534178, 961554, 995242, 840361]"
2257,"[6391381, 9296804, 6979089, 925862, 885290]"
2258,"[892531, 1115175, 9881593, 999965, 5568729]"
2259,"[883404, 1015247, 8205218, 1113588, 5592931]"
2260,"[5569471, 6534178, 893501, 961554, 1029743]"
2261,"[1098066, 883404, 826249, 981760, 1044078]"
2262,"[994928, 1082185, 845208, 981760, 1037863]"
2263,"[1082185, 981760, 923746, 994928, 1133018]"
2264,"[1082185, 961554, 1127831, 916122, 866211]"
2266,"[1082185, 854852, 1041259, 1119051, 1137688]"
2267,"[1082185, 961554, 6534178, 1127831, 981760]"
2269,"[1082185, 981760, 1106523, 1068719, 1004906]"
2270,"[1106523, 1133018, 1044078, 981760, 883404]"
2271,"[1082185, 981760, 995785, 994928, 923746]"
2272,"[1082185, 981760, 995785, 878996, 854852]"
2273,"[1037863, 1022254, 1082185, 848071, 995785]"
2274,"[1082185, 981760, 995242, 1098066, 923746]"
2275,"[1082185, 826249, 981760, 995242, 1098066]"
2276,"[1082185, 981760, 995785, 840361, 995242]"
2277,"[883404, 1044078, 1096036, 1092026, 999971]"
2278,"[1082185, 854852, 1127831, 1041259, 1137688]"
2279,"[1082185, 981760, 995242, 1098066, 826249]"
2280,"[1082185, 951590, 981760, 1098066, 965766]"
2281,"[1082185, 961554, 1058997, 1127831, 862349]"
2282,"[987838, 1051516, 1022254, 932179, 1026118]"
2283,"[1082185, 961554, 916122, 1127831, 6534178]"
2284,"[1082185, 1127831, 961554, 901062, 909714]"
2285,"[1058997, 1126899, 5569471, 862349, 1003441]"
2287,"[1082185, 1127831, 961554, 916122, 866211]"
2288,"[1082185, 6534178, 995242, 1071939, 981760]"
2289,"[1029743, 1098066, 826249, 5568378, 883404]"
2290,"[1085604, 5568378, 8090521, 883404, 1092026]"
2291,"[969866, 1127758, 912681, 1133018, 1043006]"
2292,"[883404, 1096036, 1118533, 908531, 1038217]"
2293,"[1082185, 1127831, 878996, 854852, 995785]"
2294,"[883404, 994928, 1096036, 1082185, 981760]"
2295,"[1082185, 981760, 994928, 923746, 1133018]"
2296,"[883404, 826249, 1098066, 1082185, 908531]"
2297,"[1037863, 926065, 845208, 871611, 969866]"
2298,"[981760, 1037863, 1082185, 1106523, 969866]"
2299,"[1082185, 925862, 1037863, 885290, 995785]"
2300,"[1082185, 981760, 961554, 840361, 1127831]"
2301,"[883404, 1098066, 1106523, 1044078, 826249]"
2302,"[5585639, 1071939, 5585727, 908531, 1107553]"
2303,"[944836, 892531, 1127831, 1055425, 909714]"
2305,"[1082185, 962568, 995785, 854852, 981760]"
2307,"[5569471, 6534178, 961554, 1082185, 893501]"
2308,"[1022254, 1037863, 1082185, 1026118, 995785]"
2310,"[969866, 1133018, 1106523, 972143, 1037863]"
2312,"[1058997, 862349, 1127831, 1082185, 961554]"
2314,"[1058997, 862349, 951412, 7024990, 1119051]"
2315,"[1133018, 981760, 994928, 923746, 1044078]"
2317,"[1082185, 961554, 1127831, 6534178, 981760]"
2319,"[883404, 1098066, 826249, 1085604, 5568378]"
2322,"[1082185, 1127831, 878996, 854852, 995785]"
2323,"[1082185, 1127831, 866211, 916122, 981760]"
2324,"[1058997, 1126899, 961554, 5569471, 862349]"
2325,
2328,"[1082185, 1127831, 916122, 961554, 866211]"
2330,"[961554, 1127831, 1082185, 1126899, 909714]"
2331,"[1029743, 826249, 1098066, 5568378, 859075]"
2333,"[994928, 849843, 1096036, 923746, 883404]"
2334,"[1082185, 826249, 1098066, 1029743, 995242]"
2335,"[883404, 1044078, 1096036, 999971, 1133018]"
2336,"[883404, 1082185, 826249, 981760, 1098066]"
2337,"[883404, 1044078, 1133018, 1106523, 981760]"
2338,"[1082185, 961554, 1127831, 916122, 866211]"
2339,"[883404, 1044078, 1106523, 1132770, 1113588]"
2340,"[883404, 826249, 908531, 1098066, 859075]"
2341,"[883404, 908531, 1092026, 1085604, 826249]"
2342,"[1082185, 981760, 962568, 6534178, 840361]"
2343,"[1082185, 981760, 995242, 826249, 1029743]"
2344,"[1082185, 994928, 981760, 849843, 923746]"
2345,"[883404, 1098066, 1085604, 826249, 5568378]"
2347,"[6534178, 1029743, 826249, 908531, 859075]"
2349,"[1082185, 962568, 5585735, 5585635, 5585727]"
2350,"[1098066, 883404, 1106523, 826249, 5568378]"
2351,"[1082185, 962568, 995785, 854852, 860776]"
2352,"[1082185, 981760, 995785, 854852, 878996]"
2354,"[1127831, 1082185, 901062, 944836, 961554]"
2359,"[883404, 1106523, 1044078, 1053763, 1098066]"
2360,"[1082185, 1127831, 961554, 981760, 916122]"
2361,"[902172, 846550, 1101173, 1095040, 1115175]"
2363,"[1082185, 1127831, 981760, 961554, 995785]"
2364,"[1082185, 981760, 995785, 1037863, 845208]"
2366,"[1029743, 826249, 1082185, 1098066, 6534178]"
2368,"[1029743, 826249, 1098066, 1082185, 5568378]"
2369,"[951590, 1082185, 902172, 1101173, 846550]"
2370,"[1082185, 981760, 995785, 962568, 854852]"
2372,"[883404, 826249, 1082185, 1098066, 981760]"
2373,"[1404121, 899580, 1093966, 1048889, 5584620]"
2374,"[1082185, 981760, 995785, 854852, 840361]"
2375,"[981760, 1082185, 1037863, 1133018, 845208]"
2376,"[1082185, 961554, 6534178, 1127831, 916122]"
2377,"[994928, 981760, 1133018, 923746, 1082185]"
2378,"[1082185, 1029743, 826249, 1098066, 981760]"
2379,"[1082185, 1127831, 961554, 916122, 901062]"
2380,"[883404, 1098066, 826249, 1029743, 859075]"
2381,"[1037863, 981760, 845208, 1082185, 994928]"
2385,"[951590, 1098066, 1106523, 1101173, 1029743]"
2386,"[1029743, 1082185, 826249, 6534178, 1098066]"
2387,"[1082185, 981760, 994928, 995242, 923746]"
2388,"[5568378, 1098066, 1029743, 826249, 951590]"
2389,"[994928, 1133018, 923746, 981760, 845208]"
2392,"[1106523, 1133018, 972143, 969866, 985119]"
2393,"[1058997, 1119051, 862349, 1082185, 962568]"
2394,"[1101173, 951590, 902172, 1029743, 846550]"
2395,"[981760, 1133018, 994928, 1082185, 923746]"
2397,"[1082185, 995785, 878996, 854852, 981760]"
2399,"[1133018, 969866, 1037863, 994928, 1127758]"
2400,"[883404, 1044078, 1106523, 1098066, 1133018]"
2401,"[1037863, 969866, 912681, 1127758, 6979089]"
2404,"[958067, 1114811, 900391, 1135681, 982469]"
2405,"[1082185, 981760, 995785, 1127831, 866211]"
2406,"[1082185, 916122, 981760, 961554, 1127831]"
2407,"[1082185, 981760, 994928, 849843, 995242]"
2408,"[1082185, 916122, 1115175, 866211, 892531]"
2410,"[1029743, 826249, 1098066, 1082185, 5568378]"
2412,"[1098066, 1106523, 883404, 1044078, 826249]"
2416,"[1082185, 981760, 995785, 854852, 962568]"
2418,"[1082185, 981760, 995785, 951590, 1068719]"
2420,"[969866, 1037863, 1127758, 912681, 1133018]"
2421,"[1082185, 961554, 916122, 1127831, 866211]"
2424,"[1082185, 981760, 995785, 854852, 878996]"
2425,"[1082185, 1127831, 961554, 878996, 854852]"
2426,"[1082185, 1029743, 826249, 6534178, 916122]"
2427,"[1082185, 961554, 1127831, 6534178, 916122]"
2429,"[994928, 883404, 1096036, 849843, 1038217]"
2431,"[969866, 1127758, 912681, 1043006, 1111839]"
2434,"[1133018, 994928, 1043590, 5592931, 1044078]"
2435,"[883404, 908531, 1071939, 1096036, 1038217]"
2437,"[892531, 1115175, 5568729, 1002771, 916122]"
2438,"[5584620, 5582789, 5585727, 5588666, 899580]"
2439,"[994928, 1023958, 1082185, 845208, 849843]"
2440,"[1106523, 1133018, 969866, 972143, 985119]"
2441,"[1082185, 1037863, 995785, 981760, 1022254]"
2442,"[1082185, 1127831, 916122, 961554, 866211]"
2445,"[883404, 826249, 908531, 1098066, 1096036]"
2446,"[1082185, 1127831, 986947, 878996, 901062]"
2447,"[1082185, 962568, 1058997, 862349, 854852]"
2448,"[1082185, 981760, 995785, 840361, 995242]"
2449,"[1115175, 1002771, 892531, 944836, 1055425]"
2450,"[1082185, 5569471, 6534178, 961554, 893501]"
2451,"[1082185, 1127831, 854852, 878996, 995785]"
2452,"[1106523, 900491, 1053763, 951526, 1050131]"
2453,"[1082185, 854852, 962568, 995785, 860776]"
2455,"[1029743, 951590, 1082185, 1098066, 826249]"
2456,"[1082185, 961554, 1127831, 878996, 854852]"
2457,"[1082185, 981760, 995785, 1127831, 878996]"
2458,"[892531, 961554, 1126899, 1115175, 5568729]"
2459,"[1082185, 981760, 995242, 883404, 1098066]"
2460,"[5569471, 6534178, 893501, 961554, 1093966]"
2461,"[1058997, 1126899, 862349, 951412, 7024990]"
2462,"[1058997, 862349, 1082185, 951412, 7024990]"
2464,"[1082185, 1127831, 961554, 1058997, 901062]"
2465,"[994928, 1037863, 845208, 981760, 1082185]"
2466,"[951590, 1106523, 1101173, 965766, 982469]"
2467,"[1082185, 6534178, 995242, 981760, 840361]"
2470,"[1082185, 995785, 854852, 1022254, 1026118]"
2471,"[5585727, 5585639, 5584620, 6534178, 5584027]"
2472,"[1082185, 981760, 923746, 1133018, 994928]"
2475,"[1029743, 1082185, 6534178, 916122, 5569471]"
2477,"[1082185, 1127831, 961554, 1058997, 854852]"
2478,"[1082185, 981760, 995785, 854852, 878996]"
2479,"[1082185, 916122, 1029743, 892531, 961554]"
2481,"[1082185, 981760, 995242, 840361, 1098066]"
2482,"[883404, 1044078, 1096036, 1098066, 826249]"
2483,"[994928, 1037863, 845208, 1023958, 923746]"
2484,"[994928, 1082185, 981760, 923746, 849843]"
2485,"[6534178, 5569471, 1082185, 893501, 961554]"
2486,"[1098066, 1082185, 826249, 981760, 951590]"
2488,"[5569471, 961554, 1082185, 1058997, 6534178]"
2489,"[1082185, 981760, 961554, 840361, 1127831]"
2492,"[1098066, 826249, 883404, 1029743, 5568378]"
2494,"[1082185, 961554, 6534178, 1127831, 840361]"
2496,"[1082185, 981760, 1098066, 826249, 1029743]"
2497,"[1082185, 981760, 995242, 840361, 923746]"
2498,"[1082185, 916122, 866211, 1127831, 961554]"
2499,"[1098066, 826249, 883404, 1029743, 5568378]"
2500,"[1082185, 916122, 961554, 1029743, 6534178]"
